filename,size_bytes,size_gb,size_match,path_glenwrt,path_glenhouse_pc
"Twelve.Monkeys.1995.PROPER.2160p.UHD.Blu-ray.REMUX.DV.HEVC.DTS-HD.MA.5.1-HDH.mkv",87889679509,81.85,True,"/Volumes/Media_Lib/Movies/Twelve.Monkeys.1995.PROPER.2160p.UHD.Blu-ray.REMUX.DV.HEVC.DTS-HD.MA.5.1-HDH/Twelve.Monkeys.1995.PROPER.2160p.UHD.Blu-ray.REMUX.DV.HEVC.DTS-HD.MA.5.1-HDH.mkv","/Volumes/Media_Lib-1/Twelve.Monkeys.1995.PROPER.2160p.UHD.Blu-ray.REMUX.DV.HEVC.DTS-HD.MA.5.1-HDH/Twelve.Monkeys.1995.PROPER.2160p.UHD.Blu-ray.REMUX.DV.HEVC.DTS-HD.MA.5.1-HDH.mkv"
"13.Hours.2016.2160p.UHD.Bluray.REMUX.DV.HEVC.TrueHD.7.1.Atmos-PTer.mkv",84751086030,78.93,True,"/Volumes/Media_Lib/Movies/13小时 Thirteen Hours/13.Hours.2016.2160p.UHD.Bluray.REMUX.DV.HEVC.TrueHD.7.1.Atmos-PTer.mkv","/Volumes/Media_Lib-1/13.Hours.2016.2160p.UHD.Bluray.REMUX.DV.HEVC.TrueHD.7.1.Atmos-PTer.mkv"
"Ready.Player.One.2018.2160p.BluRay.REMUX.HEVC.DTS-HD.MA.TrueHD.7.1.Atmos-FGT.mkv",83983688120,78.22,True,"/Volumes/Media_Lib/Movies/头号玩家 4K REMUX （蓝光原盘）/Ready.Player.One.2018.2160p.BluRay.REMUX.HEVC.DTS-HD.MA.TrueHD.7.1.Atmos-FGT/Ready.Player.One.2018.2160p.BluRay.REMUX.HEVC.DTS-HD.MA.TrueHD.7.1.Atmos-FGT.mkv","/Volumes/Media_Lib-1/头号玩家 4K REMUX （蓝光原盘）/Ready.Player.One.2018.2160p.BluRay.REMUX.HEVC.DTS-HD.MA.TrueHD.7.1.Atmos-FGT/Ready.Player.One.2018.2160p.BluRay.REMUX.HEVC.DTS-HD.MA.TrueHD.7.1.Atmos-FGT.mkv"
"John.Wick.Chapter.2.2017.2160p.BluRay.REMUX.HEVC.DTS-HD.MA.TrueHD.7.1.Atmos.mkv",82332059704,76.68,True,"/Volumes/Media_Lib/Movies/J 疾速追杀系列.John.Wick.Chapter（1-3）/John.Wick.Chapter.2.2017.2160p.BluRay.REMUX.HEVC.DTS-HD.MA.TrueHD.7.1.Atmos.mkv","/Volumes/Media_Lib-1/J 疾速追杀系列.John.Wick.Chapter（1-3）/John.Wick.Chapter.2.2017.2160p.BluRay.REMUX.HEVC.DTS-HD.MA.TrueHD.7.1.Atmos.mkv"
"John.Wick.Chapter.3.Parabellum.2019.2160p.BluRay.REMUX.HEVC.DTS-HD.MA.TrueHD.7.1.Atmos.mkv",79731290309,74.26,True,"/Volumes/Media_Lib/Movies/J 疾速追杀系列.John.Wick.Chapter（1-3）/John.Wick.Chapter.3.Parabellum.2019.2160p.BluRay.REMUX.HEVC.DTS-HD.MA.TrueHD.7.1.Atmos.mkv","/Volumes/Media_Lib-1/J 疾速追杀系列.John.Wick.Chapter（1-3）/John.Wick.Chapter.3.Parabellum.2019.2160p.BluRay.REMUX.HEVC.DTS-HD.MA.TrueHD.7.1.Atmos.mkv"
"Zero.Dark.Thirty.2012.2160p.BluRay.HEVC.TrueHD.7.1.Atmos.mkv",78625315931,73.23,False,"/Volumes/Media_Lib/Movies/Zero.Dark.Thirty.2012.2160p.BluRay.HEVC.TrueHD.7.1.Atmos/Zero.Dark.Thirty.2012.2160p.BluRay.HEVC.TrueHD.7.1.Atmos.mkv","/Volumes/Media_Lib-1/Zero.Dark.Thirty.2012.2160p.BluRay.HEVC.TrueHD.7.1.Atmos/Zero.Dark.Thirty.2012.2160p.BluRay.HEVC.TrueHD.7.1.Atmos.mkv"
"Black Hawk Down 2001 Extended V2 UHD BluRay REMUX 2160p HEVC Atmos TrueHD7.1 4Audio-CHD.mkv",76029046147,70.81,True,"/Volumes/Media_Lib/Movies/Black Hawk Down 2001 Extended V2 UHD BluRay REMUX 2160p HEVC Atmos TrueHD7.1 4Audio-CHD/Black Hawk Down 2001 Extended V2 UHD BluRay REMUX 2160p HEVC Atmos TrueHD7.1 4Audio-CHD.mkv","/Volumes/Media_Lib-1/Black Hawk Down 2001 Extended V2 UHD BluRay REMUX 2160p HEVC Atmos TrueHD7.1 4Audio-CHD/Black Hawk Down 2001 Extended V2 UHD BluRay REMUX 2160p HEVC Atmos TrueHD7.1 4Audio-CHD.mkv"
"Gladiator.2000.EXTENDED.2160p.BluRay.REMUX.HEVC.DTS-X.7.1-FGT.mkv",74121216801,69.03,True,"/Volumes/Media_Lib/Movies/角斗士4K REMUX (2000)/Gladiator.2000.EXTENDED.2160p.BluRay.REMUX.HEVC.DTS-X.7.1-FGT.mkv","/Volumes/Media_Lib-1/角斗士4K REMUX (2000)/Gladiator.2000.EXTENDED.2160p.BluRay.REMUX.HEVC.DTS-X.7.1-FGT.mkv"
"To.Kill.a.Mockingbird.1962.2160p.UHD.Blu-ray.REMUX.HDR.HEVC.DTS-HD.MA.5.1-HDH.mkv",68677150430,63.96,True,"/Volumes/Media_Lib/Movies/To.Kill.a.Mockingbird.1962.2160p.UHD.Blu-ray.REMUX.HDR.HEVC.DTS-HD.MA.5.1-HDH/To.Kill.a.Mockingbird.1962.2160p.UHD.Blu-ray.REMUX.HDR.HEVC.DTS-HD.MA.5.1-HDH.mkv","/Volumes/Media_Lib-1/To.Kill.a.Mockingbird.1962.2160p.UHD.Blu-ray.REMUX.HDR.HEVC.DTS-HD.MA.5.1-HDH/To.Kill.a.Mockingbird.1962.2160p.UHD.Blu-ray.REMUX.HDR.HEVC.DTS-HD.MA.5.1-HDH.mkv"
"Training.Day.2001.2160p.BluRay.REMUX.HEVC.DV.DTS-HD.MA.TrueHD.7.1.Atmos.mkv",59000111881,54.95,True,"/Volumes/Media_Lib/Movies/Training.Day.2001.2160p.BluRay.REMUX.HEVC.DV.DTS-HD.MA.TrueHD.7.1.Atmos/Training.Day.2001.2160p.BluRay.REMUX.HEVC.DV.DTS-HD.MA.TrueHD.7.1.Atmos.mkv","/Volumes/Media_Lib-1/Training.Day.2001.2160p.BluRay.REMUX.HEVC.DV.DTS-HD.MA.TrueHD.7.1.Atmos.mkv"
"Reservoir.Dogs.1992.2160p.UHD.BluRay.Remux.HEVC.DV.TrueHD.5.1-ADE.mkv",56660635573,52.77,True,"/Volumes/Media_Lib/Movies/Reservoir.Dogs.1992.2160p.UHD.BluRay.Remux.HEVC.DV.TrueHD.5.1-ADE/Reservoir.Dogs.1992.2160p.UHD.BluRay.Remux.HEVC.DV.TrueHD.5.1-ADE.mkv","/Volumes/Media_Lib-1/Reservoir.Dogs.1992.2160p.UHD.BluRay.Remux.HEVC.DV.TrueHD.5.1-ADE/Reservoir.Dogs.1992.2160p.UHD.BluRay.Remux.HEVC.DV.TrueHD.5.1-ADE.mkv"
"John.Wick.2014.2160p.BluRay.REMUX.HEVC.DTS-HD.MA.TrueHD.7.1.Atmos.mkv",52836459332,49.21,True,"/Volumes/Media_Lib/Movies/J 疾速追杀系列.John.Wick.Chapter（1-3）/John.Wick.2014.2160p.BluRay.REMUX.HEVC.DTS-HD.MA.TrueHD.7.1.Atmos.mkv","/Volumes/Media_Lib-1/J 疾速追杀系列.John.Wick.Chapter（1-3）/John.Wick.2014.2160p.BluRay.REMUX.HEVC.DTS-HD.MA.TrueHD.7.1.Atmos.mkv"
"Oppenheimer.2023.2160p.UHD.BluRay.HEVC.HDR.HLG.10Bit.DTS-HD.MA.5.1-R&H.mkv",48328545237,45.01,True,"/Volumes/Media_Lib/Movies/0-Latest Movies/Oppenheimer.2023.2160p.UHD.BluRay.HEVC.HDR.HLG.10Bit.DTS-HD.MA.5.1-R&H.mkv","/Volumes/Media_Lib-1/Oppenheimer.2023.2160p.UHD.BluRay.HEVC.HDR.HLG.10Bit.DTS-HD.MA.5.1-R&H.mkv"
"Crouching.Tiger.Hidden.Dragon.2000.UHD.BluRay.2160p.10bit.DoVi.2Audio.TrueHD(Atmos).7.1.x265-beAst.mkv",45187978111,42.08,True,"/Volumes/Media_Lib/Movies/Crouching.Tiger.Hidden.Dragon.2000.UHD.BluRay.2160p.10bit.DoVi.2Audio.TrueHD(Atmos).7.1.x265-beAst/Crouching.Tiger.Hidden.Dragon.2000.UHD.BluRay.2160p.10bit.DoVi.2Audio.TrueHD(Atmos).7.1.x265-beAst.mkv","/Volumes/Media_Lib-1/Crouching.Tiger.Hidden.Dragon.2000.UHD.BluRay.2160p.10bit.DoVi.2Audio.TrueHD(Atmos).7.1.x265-beAst/Crouching.Tiger.Hidden.Dragon.2000.UHD.BluRay.2160p.10bit.DoVi.2Audio.TrueHD(Atmos).7.1.x265-beAst.mkv"
"Dune.2021.2160p.BluRay.x265.10bit.Atmos.TrueHD7.1-WiKi.mkv",43814479187,40.81,True,"/Volumes/Media_Lib/Movies/Dune.2021.2160p.BluRay.x265.10bit.Atmos.TrueHD7.1-WiKi/Dune.2021.2160p.BluRay.x265.10bit.Atmos.TrueHD7.1-WiKi.mkv","/Volumes/Media_Lib-1/Dune.2021.2160p.BluRay.x265.10bit.Atmos.TrueHD7.1-WiKi/Dune.2021.2160p.BluRay.x265.10bit.Atmos.TrueHD7.1-WiKi.mkv"
"Inception.2010.UHD.BluRay.2160p.10bit.HDR.2Audio.DTS-HD.MA.5.1.x265-beAst.mkv",39280771213,36.58,True,"/Volumes/Media_Lib/Movies/0-克里斯托弗·诺兰导演合集/Inception.2010.UHD.BluRay.2160p.10bit.HDR.2Audio.DTS-HD.MA.5.1.TrueHD.5.1.x265-beAst/Inception.2010.UHD.BluRay.2160p.10bit.HDR.2Audio.DTS-HD.MA.5.1.x265-beAst.mkv","/Volumes/Media_Lib-1/克里斯托弗·罗兰导演合集/Inception.2010.UHD.BluRay.2160p.10bit.HDR.2Audio.DTS-HD.MA.5.1.TrueHD.5.1.x265-beAst/Inception.2010.UHD.BluRay.2160p.10bit.HDR.2Audio.DTS-HD.MA.5.1.x265-beAst.mkv"
"Ip.Man.2.2010.USA.UHD.Blu-ray.2160p.10bit.DoVi.3Audio.TrueHD(Atmos).7.1.x265-beAst.mkv",38477170258,35.83,True,"/Volumes/Media_Lib/Movies/Ip.Man.4-Movie.Collection.2008-2019.USA.UHD.Blu-ray.2160p.10bit.DoVi.3Audio.TrueHD(Atmos).7.1.x265-beAst/Ip.Man.2.2010.USA.UHD.Blu-ray.2160p.10bit.DoVi.3Audio.TrueHD(Atmos).7.1.x265-beAst.mkv","/Volumes/Media_Lib-1/Ip.Man.4-Movie.Collection.2008-2019.USA.UHD.Blu-ray.2160p.10bit.DoVi.3Audio.TrueHD(Atmos).7.1.x265-beAst/Ip.Man.2.2010.USA.UHD.Blu-ray.2160p.10bit.DoVi.3Audio.TrueHD(Atmos).7.1.x265-beAst.mkv"
"Lawrence.of.Arabia.1962.Repack.UHD.BluRay.Part.1.2160p.10bit.DoVi.3Audio.TrueHD(Atmos).7.1.x265-beAst.mkv",37753881177,35.16,True,"/Volumes/Media_Lib/Movies/Lawrence.of.Arabia.1962.Repack.UHD.BluRay.2160p.10bit.DoVi.3Audio.TrueHD(Atmos).7.1.x265-beAst/Lawrence.of.Arabia.1962.Repack.UHD.BluRay.Part.1.2160p.10bit.DoVi.3Audio.TrueHD(Atmos).7.1.x265-beAst.mkv","/Volumes/Media_Lib-1/Lawrence.of.Arabia.1962.Repack.UHD.BluRay.2160p.10bit.DoVi.3Audio.TrueHD(Atmos).7.1.x265-beAst/Lawrence.of.Arabia.1962.Repack.UHD.BluRay.Part.1.2160p.10bit.DoVi.3Audio.TrueHD(Atmos).7.1.x265-beAst.mkv"
"Fury.2014.UHD.Blu-ray.2160p.10bit.HDR.2Audio.TrueHD(Atmos).7.1.x265-beAst.mkv",37257405171,34.70,True,"/Volumes/Media_Lib/Movies/Fury.2014.UHD.Blu-ray.2160p.10bit.HDR.2Audio.TrueHD(Atmos).7.1.x265-beAst/Fury.2014.UHD.Blu-ray.2160p.10bit.HDR.2Audio.TrueHD(Atmos).7.1.x265-beAst.mkv","/Volumes/Media_Lib-1/Fury.2014.UHD.Blu-ray.2160p.10bit.HDR.2Audio.TrueHD(Atmos).7.1.x265-beAst/Fury.2014.UHD.Blu-ray.2160p.10bit.HDR.2Audio.TrueHD(Atmos).7.1.x265-beAst.mkv"
"Kingdom.of.Heaven.2005.UHD.BluRay.2160p.x265.DV.HDR.TrueHD.7.1.mUHD-FRDS.mkv",36962747689,34.42,True,"/Volumes/Media_Lib/Movies/天国王朝.Kingdom.of.Heaven.2005.UHD.BluRay.2160p.x265.DV.HDR.TrueHD.7.1.mUHD-FRDS/天国王朝.Kingdom.of.Heaven.2005.UHD.BluRay.2160p.x265.DV.HDR.TrueHD.7.1.mUHD-FRDS/Kingdom.of.Heaven.2005.UHD.BluRay.2160p.x265.DV.HDR.TrueHD.7.1.mUHD-FRDS.mkv","/Volumes/Media_Lib-1/天国王朝.Kingdom.of.Heaven.2005.UHD.BluRay.2160p.x265.DV.HDR.TrueHD.7.1.mUHD-FRDS/天国王朝.Kingdom.of.Heaven.2005.UHD.BluRay.2160p.x265.DV.HDR.TrueHD.7.1.mUHD-FRDS/Kingdom.of.Heaven.2005.UHD.BluRay.2160p.x265.DV.HDR.TrueHD.7.1.mUHD-FRDS.mkv"
"The.Hobbit.The.Desolation.of.Smaug.2013.BluRay.2160p.x265.DoVi.mUHD-FRDS.m2ts",36754040832,34.23,True,"/Volumes/Media_Lib/Movies/0-指环王系列/霍比特人2：史矛革之战.The.Hobbit.The.Desolation.of.Smaug.2013.BluRay.2160p.x265.DoVi.mUHD-FRDS/The.Hobbit.The.Desolation.of.Smaug.2013.BluRay.2160p.x265.DoVi.mUHD-FRDS.m2ts","/Volumes/Media_Lib-1/霍比特人2：史矛革之战.The.Hobbit.The.Desolation.of.Smaug.2013.BluRay.2160p.x265.DoVi.mUHD-FRDS/The.Hobbit.The.Desolation.of.Smaug.2013.BluRay.2160p.x265.DoVi.mUHD-FRDS.m2ts"
"Avatar.The.Way.of.Water.2022.2160p.WEB-DL.DoVi.HDR10.HEVC.Atmos.DDP5.1-HDH.mkv",36170111682,33.69,True,"/Volumes/Media_Lib/Movies/Avator.阿凡达/Avatar.The.Way.of.Water.2022.2160p.WEB-DL.DoVi.HDR10.HEVC.Atmos.DDP5.1-HDH/Avatar.The.Way.of.Water.2022.2160p.WEB-DL.DoVi.HDR10.HEVC.Atmos.DDP5.1-HDH.mkv","/Volumes/Media_Lib-1/Avatar.The.Way.of.Water.2022.2160p.WEB-DL.DoVi.HDR10.HEVC.Atmos.DDP5.1-HDH/Avatar.The.Way.of.Water.2022.2160p.WEB-DL.DoVi.HDR10.HEVC.Atmos.DDP5.1-HDH.mkv"
"Casablanca.1942.Repack.UHD.BluRay.2160p.10bit.HDR.6Audio.DTS-HD.MA.2.0.x265-beAst.mkv",35908128593,33.44,True,"/Volumes/Media_Lib/Movies/Casablanca.1942.Repack.UHD.BluRay.2160p.10bit.HDR.6Audio.DTS-HD.MA.2.0.x265-beAst/Casablanca.1942.Repack.UHD.BluRay.2160p.10bit.HDR.6Audio.DTS-HD.MA.2.0.x265-beAst.mkv","/Volumes/Media_Lib-1/Casablanca.1942.Repack.UHD.BluRay.2160p.10bit.HDR.6Audio.DTS-HD.MA.2.0.x265-beAst/Casablanca.1942.Repack.UHD.BluRay.2160p.10bit.HDR.6Audio.DTS-HD.MA.2.0.x265-beAst.mkv"
"The.Hobbit.An.Unexpected.Journey.2012.BluRay.2160p.x265.DoVi.mUHD-FRDS.m2ts",35163967488,32.75,True,"/Volumes/Media_Lib/Movies/0-指环王系列/霍比特人1：意外之旅.The.Hobbit.An.Unexpected.Journey.2012.BluRay.2160p.x265.DoVi.mUHD-FRDS/The.Hobbit.An.Unexpected.Journey.2012.BluRay.2160p.x265.DoVi.mUHD-FRDS.m2ts","/Volumes/Media_Lib-1/霍比特人1：意外之旅.The.Hobbit.An.Unexpected.Journey.2012.BluRay.2160p.x265.DoVi.mUHD-FRDS/The.Hobbit.An.Unexpected.Journey.2012.BluRay.2160p.x265.DoVi.mUHD-FRDS.m2ts"
"The.Bourne.Legacy.2012.BluRay.2160p.x265.10bit.4Audio.mUHD-FRDS.mkv",35055949275,32.65,True,"/Volumes/Media_Lib/Movies/0-谍影重重合集/谍影重重4.The.Bourne.Legacy.2012.BluRay.2160p.x265.10bit.4Audio.mUHD-FRDS/The.Bourne.Legacy.2012.BluRay.2160p.x265.10bit.4Audio.mUHD-FRDS.mkv","/Volumes/Media_Lib-1/谍影重重系列/谍影重重4.The.Bourne.Legacy.2012.BluRay.2160p.x265.10bit.4Audio.mUHD-FRDS/The.Bourne.Legacy.2012.BluRay.2160p.x265.10bit.4Audio.mUHD-FRDS.mkv"
"Jason.Bourne.2016.BluRay.2160p.x265.10bit.4Audio.mUHD-FRDS.mkv",34509067109,32.14,True,"/Volumes/Media_Lib/Movies/0-谍影重重合集/谍影重重5.Jason.Bourne.2016.BluRay.2160p.x265.10bit.4Audio.mUHD-FRDS/Jason.Bourne.2016.BluRay.2160p.x265.10bit.4Audio.mUHD-FRDS.mkv","/Volumes/Media_Lib-1/谍影重重系列/谍影重重5.Jason.Bourne.2016.BluRay.2160p.x265.10bit.4Audio.mUHD-FRDS/Jason.Bourne.2016.BluRay.2160p.x265.10bit.4Audio.mUHD-FRDS.mkv"
"Oppenheimer.2023.Repack.IMAX.UHD.BluRay.2160p.10bit.DoVi.2Audio.DTS-HD.MA.5.1.x265-beAst.mkv",34423467272,32.06,True,"/Volumes/Media_Lib/Movies/0-Latest Movies/Oppenheimer.2023.Repack.IMAX.UHD.BluRay.2160p.10bit.DoVi.2Audio.DTS-HD.MA.5.1.x265-beAst/Oppenheimer.2023.Repack.IMAX.UHD.BluRay.2160p.10bit.DoVi.2Audio.DTS-HD.MA.5.1.x265-beAst.mkv","/Volumes/Media_Lib-1/Oppenheimer.2023.Repack.IMAX.UHD.BluRay.2160p.10bit.DoVi.2Audio.DTS-HD.MA.5.1.x265-beAst/Oppenheimer.2023.Repack.IMAX.UHD.BluRay.2160p.10bit.DoVi.2Audio.DTS-HD.MA.5.1.x265-beAst.mkv"
"Ip.Man.1.2008.USA.UHD.Blu-ray.2160p.10bit.DoVi.3Audio.TrueHD(Atmos).7.1.x265-beAst.mkv",33933556702,31.60,True,"/Volumes/Media_Lib/Movies/Ip.Man.4-Movie.Collection.2008-2019.USA.UHD.Blu-ray.2160p.10bit.DoVi.3Audio.TrueHD(Atmos).7.1.x265-beAst/Ip.Man.1.2008.USA.UHD.Blu-ray.2160p.10bit.DoVi.3Audio.TrueHD(Atmos).7.1.x265-beAst.mkv","/Volumes/Media_Lib-1/Ip.Man.4-Movie.Collection.2008-2019.USA.UHD.Blu-ray.2160p.10bit.DoVi.3Audio.TrueHD(Atmos).7.1.x265-beAst/Ip.Man.1.2008.USA.UHD.Blu-ray.2160p.10bit.DoVi.3Audio.TrueHD(Atmos).7.1.x265-beAst.mkv"
"Tenet.2020.IMAX.UHD.BluRay.2160p.10bit.HDR.2Audio.DTS-HD.MA.5.1.x265-beAst.mkv",32298888347,30.08,True,"/Volumes/Media_Lib/Movies/0-克里斯托弗·诺兰导演合集/Tenet.2020.IMAX.UHD.BluRay.2160p.10bit.HDR.2Audio.DTS-HD.MA.5.1.x265-beAst/Tenet.2020.IMAX.UHD.BluRay.2160p.10bit.HDR.2Audio.DTS-HD.MA.5.1.x265-beAst.mkv","/Volumes/Media_Lib-1/克里斯托弗·罗兰导演合集/Tenet.2020.IMAX.UHD.BluRay.2160p.10bit.HDR.2Audio.DTS-HD.MA.5.1.x265-beAst/Tenet.2020.IMAX.UHD.BluRay.2160p.10bit.HDR.2Audio.DTS-HD.MA.5.1.x265-beAst.mkv"
"Green.Book.2018.UHD.BluRay.2160p.TrueHD(Atmos).7.1.HDR.10bit.x265-beAst.mkv",31707939943,29.53,True,"/Volumes/Media_Lib/Movies/Green.Book.2018.UHD.BluRay.2160p.TrueHD(Atmos).7.1.HDR.10bit.x265-beAst/Green.Book.2018.UHD.BluRay.2160p.TrueHD(Atmos).7.1.HDR.10bit.x265-beAst.mkv","/Volumes/Media_Lib-1/Green.Book.2018.UHD.BluRay.2160p.TrueHD(Atmos).7.1.HDR.10bit.x265-beAst/Green.Book.2018.UHD.BluRay.2160p.TrueHD(Atmos).7.1.HDR.10bit.x265-beAst.mkv"
"X-Men.Apocalypse.2016.BluRay.2160p.x265.10bit.HDR.4Audio.mUHD-FRDS.mkv",31284509958,29.14,True,"/Volumes/Media_Lib/Movies/0-X战警合集/X战警：天启.X-Men.Apocalypse.2016.BluRay.2160p.x265.10bit.HDR.4Audio.mUHD-FRDS/X-Men.Apocalypse.2016.BluRay.2160p.x265.10bit.HDR.4Audio.mUHD-FRDS.mkv","/Volumes/Media_Lib-1/X战警：天启.X-Men.Apocalypse.2016.BluRay.2160p.x265.10bit.HDR.4Audio.mUHD-FRDS/X-Men.Apocalypse.2016.BluRay.2160p.x265.10bit.HDR.4Audio.mUHD-FRDS.mkv"
"Pulp.Fiction.1994.2160p.HDR.UHD.BluRay.DTS-HD.MA.5.1.x265-10bit-HDS.mkv",30444001684,28.35,True,"/Volumes/Media_Lib/Movies/Pulp.Fiction.1994.2160p.HDR.UHD.BluRay.DTS-HD.MA.5.1.x265-10bit-HDS/Pulp.Fiction.1994.2160p.HDR.UHD.BluRay.DTS-HD.MA.5.1.x265-10bit-HDS.mkv","/Volumes/Media_Lib-1/Pulp.Fiction.1994.2160p.HDR.UHD.BluRay.DTS-HD.MA.5.1.x265-10bit-HDS/Pulp.Fiction.1994.2160p.HDR.UHD.BluRay.DTS-HD.MA.5.1.x265-10bit-HDS.mkv"
"The.Hobbit.The.Battle.of.the.Five.Armies.2014.BluRay.2160p.x265.DoVi.mUHD-FRDS.m2ts",30381883392,28.30,True,"/Volumes/Media_Lib/Movies/0-指环王系列/霍比特人3：五军之战.The.Hobbit.The.Battle.of.the.Five.Armies.2014.BluRay.2160p.x265.DoVi.mUHD-FRDS/The.Hobbit.The.Battle.of.the.Five.Armies.2014.BluRay.2160p.x265.DoVi.mUHD-FRDS.m2ts","/Volumes/Media_Lib-1/霍比特人3：五军之战.The.Hobbit.The.Battle.of.the.Five.Armies.2014.BluRay.2160p.x265.DoVi.mUHD-FRDS/The.Hobbit.The.Battle.of.the.Five.Armies.2014.BluRay.2160p.x265.DoVi.mUHD-FRDS.m2ts"
"The.Bourne.Supremacy.2004.BluRay.2160p.x265.10bit.4Audio.mUHD-FRDS.mkv",30336458804,28.25,True,"/Volumes/Media_Lib/Movies/0-谍影重重合集/谍影重重2.The.Bourne.Supremacy.2004.BluRay.2160p.x265.10bit.4Audio.mUHD-FRDS/The.Bourne.Supremacy.2004.BluRay.2160p.x265.10bit.4Audio.mUHD-FRDS.mkv","/Volumes/Media_Lib-1/谍影重重系列/谍影重重2.The.Bourne.Supremacy.2004.BluRay.2160p.x265.10bit.4Audio.mUHD-FRDS/The.Bourne.Supremacy.2004.BluRay.2160p.x265.10bit.4Audio.mUHD-FRDS.mkv"
"Indiana.Jones.and.the.Dial.of.Destiny.2023.2160p.WEB-DL.DDP5.1.Atmos.DV.HDR.H.265-Thor@HDSky.mkv",29813348835,27.77,True,"/Volumes/Media_Lib/Movies/0-Latest Movies/Indiana.Jones.and.the.Dial.of.Destiny.2023.2160p.WEB-DL.DDP5.1.Atmos.DV.HDR.H.265-Thor@HDSky.mkv","/Volumes/Media_Lib-1/Indiana.Jones.and.the.Dial.of.Destiny.2023.2160p.WEB-DL.DDP5.1.Atmos.DV.HDR.H.265-Thor@HDSky.mkv"
"Red.Cliff.Part.2.2009.BluRay.Remux.1080p.DTS-HD.MA.7.1-HDH.mkv",29639273028,27.60,True,"/Volumes/Media_Lib/Movies/Red.Cliff.2008-2009.BluRay.Remux.1080p.DTS-HD.MA.7.1-HDH/Red.Cliff.Part.2.2009.BluRay.Remux.1080p.DTS-HD.MA.7.1-HDH/Red.Cliff.Part.2.2009.BluRay.Remux.1080p.DTS-HD.MA.7.1-HDH.mkv","/Volumes/Media_Lib-1/Red.Cliff.2008-2009.BluRay.Remux.1080p.DTS-HD.MA.7.1-HDH/Red.Cliff.Part.2.2009.BluRay.Remux.1080p.DTS-HD.MA.7.1-HDH/Red.Cliff.Part.2.2009.BluRay.Remux.1080p.DTS-HD.MA.7.1-HDH.mkv"
"Blonde.2022.2160p.NF.WEBRip.DDP5.1.Atmos.x265-CMRG.mkv",28969005958,26.98,True,"/Volumes/Media_Lib/Movies/0-Latest Movies/Blonde.2022.2160p.NF.WEBRip.DDP5.1.Atmos.x265-CMRG/Blonde.2022.2160p.NF.WEBRip.DDP5.1.Atmos.x265-CMRG.mkv","/Volumes/Media_Lib-1/Blonde.2022.2160p.NF.WEBRip.DDP5.1.Atmos.x265-CMRG/Blonde.2022.2160p.NF.WEBRip.DDP5.1.Atmos.x265-CMRG.mkv"
"Blonde.2022.2160p.NF.WEBRip.DDP5.1.Atmos.x265-CMRG.mkv",28969005958,26.98,True,"/Volumes/Media_Lib/Movies/Blonde.2022.2160p.NF.WEBRip.DDP5.1.Atmos.x265-CMRG/Blonde.2022.2160p.NF.WEBRip.DDP5.1.Atmos.x265-CMRG.mkv","/Volumes/Media_Lib-1/Blonde.2022.2160p.NF.WEBRip.DDP5.1.Atmos.x265-CMRG/Blonde.2022.2160p.NF.WEBRip.DDP5.1.Atmos.x265-CMRG.mkv"
"Dunkirk.2017.UHD.BluRay.2160p.10bit.HDR.2Audio.DTS-HD.MA.5.1.x265-beAst.mkv",28886754038,26.90,True,"/Volumes/Media_Lib/Movies/0-克里斯托弗·诺兰导演合集/Dunkirk.2017.UHD.BluRay.2160p.10bit.HDR.2Audio.DTS-HD.MA.5.1.x265-beAst/Dunkirk.2017.UHD.BluRay.2160p.10bit.HDR.2Audio.DTS-HD.MA.5.1.x265-beAst.mkv","/Volumes/Media_Lib-1/克里斯托弗·罗兰导演合集/Dunkirk.2017.UHD.BluRay.2160p.10bit.HDR.2Audio.DTS-HD.MA.5.1.x265-beAst/Dunkirk.2017.UHD.BluRay.2160p.10bit.HDR.2Audio.DTS-HD.MA.5.1.x265-beAst.mkv"
"Red.Cliff.Part.1.2008.BluRay.Remux.1080p.DTS-HD.MA.7.1-HDH.mkv",28702048520,26.73,True,"/Volumes/Media_Lib/Movies/Red.Cliff.2008-2009.BluRay.Remux.1080p.DTS-HD.MA.7.1-HDH/Red.Cliff.Part.1.2008.BluRay.Remux.1080p.DTS-HD.MA.7.1-HDH/Red.Cliff.Part.1.2008.BluRay.Remux.1080p.DTS-HD.MA.7.1-HDH.mkv","/Volumes/Media_Lib-1/Red.Cliff.2008-2009.BluRay.Remux.1080p.DTS-HD.MA.7.1-HDH/Red.Cliff.Part.1.2008.BluRay.Remux.1080p.DTS-HD.MA.7.1-HDH/Red.Cliff.Part.1.2008.BluRay.Remux.1080p.DTS-HD.MA.7.1-HDH.mkv"
"The.Prestige.2006.UHD.BluRay.2160p.10bit.HDR.2Audio.DTS-HD.MA.5.1.x265-beAst.mkv",28689206011,26.72,True,"/Volumes/Media_Lib/Movies/0-克里斯托弗·诺兰导演合集/The.Prestige.2006.UHD.BluRay.2160p.10bit.HDR.2Audio.DTS-HD.MA.5.1.x265-beAst/The.Prestige.2006.UHD.BluRay.2160p.10bit.HDR.2Audio.DTS-HD.MA.5.1.x265-beAst.mkv","/Volumes/Media_Lib-1/克里斯托弗·罗兰导演合集/The.Prestige.2006.UHD.BluRay.2160p.10bit.HDR.2Audio.DTS-HD.MA.5.1.x265-beAst/The.Prestige.2006.UHD.BluRay.2160p.10bit.HDR.2Audio.DTS-HD.MA.5.1.x265-beAst.mkv"
"Apollo.11.2019.UHD.BluRay.2160p.10bit.HDR.DTS-HD.MA.5.1.x265-beAst.mkv",28572446703,26.61,True,"/Volumes/Media_Lib/Documentary/Apollo.11.2019.UHD.BluRay.2160p.10bit.HDR.DTS-HD.MA.5.1.x265-beAst/Apollo.11.2019.UHD.BluRay.2160p.10bit.HDR.DTS-HD.MA.5.1.x265-beAst.mkv","/Volumes/Media_Lib-1/Apollo.11.2019.UHD.BluRay.2160p.10bit.HDR.DTS-HD.MA.5.1.x265-beAst/Apollo.11.2019.UHD.BluRay.2160p.10bit.HDR.DTS-HD.MA.5.1.x265-beAst.mkv"
"The.Revenant.2015.BluRay.2160p.x265.10bit.HDR.2Audio.mUHD-FRDS.mkv",28461898140,26.51,True,"/Volumes/Media_Lib/Movies/The.Revenant.2015.BluRay.2160p.x265.10bit.HDR.2Audio.mUHD-FRDS/The.Revenant.2015.BluRay.2160p.x265.10bit.HDR.2Audio.mUHD-FRDS.mkv","/Volumes/Media_Lib-1/荒野猎人.The.Revenant.2015.BluRay.2160p.x265.10bit.HDR.2Audio.mUHD-FRDS/The.Revenant.2015.BluRay.2160p.x265.10bit.HDR.2Audio.mUHD-FRDS.mkv"
"The.Bourne.Ultimatum.2007.BluRay.2160p.x265.10bit.4Audio.mUHD-FRDS.mkv",27670126219,25.77,True,"/Volumes/Media_Lib/Movies/0-谍影重重合集/谍影重重3.The.Bourne.Ultimatum.2007.BluRay.2160p.x265.10bit.4Audio.mUHD-FRDS/The.Bourne.Ultimatum.2007.BluRay.2160p.x265.10bit.4Audio.mUHD-FRDS.mkv","/Volumes/Media_Lib-1/谍影重重系列/谍影重重3.The.Bourne.Ultimatum.2007.BluRay.2160p.x265.10bit.4Audio.mUHD-FRDS/The.Bourne.Ultimatum.2007.BluRay.2160p.x265.10bit.4Audio.mUHD-FRDS.mkv"
"Parasite.2019.2160p.BluRay.x265.10bit.Atmos.TrueHD7.1-WiKi.mkv",27638632224,25.74,True,"/Volumes/Media_Lib/Movies/Parasite.2019.2160p.BluRay.x265.10bit.Atmos.TrueHD7.1-WiKi/Parasite.2019.2160p.BluRay.x265.10bit.Atmos.TrueHD7.1-WiKi.mkv","/Volumes/Media_Lib-1/Parasite.2019.2160p.BluRay.x265.10bit.Atmos.TrueHD7.1-WiKi/Parasite.2019.2160p.BluRay.x265.10bit.Atmos.TrueHD7.1-WiKi.mkv"
"The.First.Slam.Dunk.2022.2160p.UHD.BluRay.TrueHD.Atmos.7.1.DoVi.x265-PuTao.mkv",27477271738,25.59,True,"/Volumes/Media_Lib/Movies/0-Latest Movies/The.First.Slam.Dunk.2022.2160p.UHD.BluRay.TrueHD.Atmos.7.1.DoVi.x265-PuTao/The.First.Slam.Dunk.2022.2160p.UHD.BluRay.TrueHD.Atmos.7.1.DoVi.x265-PuTao.mkv","/Volumes/Media_Lib-1/The.First.Slam.Dunk.2022.2160p.UHD.BluRay.TrueHD.Atmos.7.1.DoVi.x265-PuTao/The.First.Slam.Dunk.2022.2160p.UHD.BluRay.TrueHD.Atmos.7.1.DoVi.x265-PuTao.mkv"
"X-Men.2000.BluRay.2160p.x265.10bit.HDR.2Audios.mUHD-FRDS.mkv",27408478092,25.53,True,"/Volumes/Media_Lib/Movies/0-X战警合集/X战警1.X-Men.2000.BluRay.2160p.x265.10bit.HDR.2Audios.mUHD-FRDS/X-Men.2000.BluRay.2160p.x265.10bit.HDR.2Audios.mUHD-FRDS.mkv","/Volumes/Media_Lib-1/X战警.X-Men.2000.BluRay.2160p.x265.10bit.HDR.2Audios.mUHD-FRDS/X-Men.2000.BluRay.2160p.x265.10bit.HDR.2Audios.mUHD-FRDS.mkv"
"Luca.2021.UHD.Blu-ray.2160p.10bit.HDR.4Audio.TrueHD(Atmos).7.1.x265-beAst.mkv",27073859115,25.21,True,"/Volumes/Media_Lib/Kid/Luca.2021.UHD.Blu-ray.2160p.10bit.HDR.4Audio.TrueHD(Atmos).7.1.x265-beAst/Luca.2021.UHD.Blu-ray.2160p.10bit.HDR.4Audio.TrueHD(Atmos).7.1.x265-beAst.mkv","/Volumes/Media_Lib-1/Luca.2021.UHD.Blu-ray.2160p.10bit.HDR.4Audio.TrueHD(Atmos).7.1.x265-beAst/Luca.2021.UHD.Blu-ray.2160p.10bit.HDR.4Audio.TrueHD(Atmos).7.1.x265-beAst.mkv"
"John.Wick.Chapter.4.2023.2160p.WEB-DL.HEVC.Atmos.DDP5.1-HDH.mkv",26954865235,25.10,True,"/Volumes/Media_Lib/Movies/J 疾速追杀系列.John.Wick.Chapter（1-3）/John.Wick.Chapter.4.2023.2160p.WEB-DL.HEVC.Atmos.DDP5.1-HDH/John.Wick.Chapter.4.2023.2160p.WEB-DL.HEVC.Atmos.DDP5.1-HDH.mkv","/Volumes/Media_Lib-1/John.Wick.Chapter.4.2023.2160p.WEB-DL.HEVC.Atmos.DDP5.1-HDH/John.Wick.Chapter.4.2023.2160p.WEB-DL.HEVC.Atmos.DDP5.1-HDH.mkv"
"Poor.Things.2023.V2.2160p.iT.WEB-DL.H265.DV.DDP5.1.Atmos-ADWeb.mkv",26936100750,25.09,True,"/Volumes/Media_Lib/Movies/0-Latest Movies/Poor.Things.2023.V2.2160p.iT.WEB-DL.H265.DV.DDP5.1.Atmos-ADWeb/Poor.Things.2023.V2.2160p.iT.WEB-DL.H265.DV.DDP5.1.Atmos-ADWeb.mkv","/Volumes/Media_Lib-1/Poor.Things.2023.V2.2160p.iT.WEB-DL.H265.DV.DDP5.1.Atmos-ADWeb/Poor.Things.2023.V2.2160p.iT.WEB-DL.H265.DV.DDP5.1.Atmos-ADWeb.mkv"
"The.Fabelmans.2022.UHD.BluRay.2160p.TrueHD.Atmos.7.1.x265.10bit.HDR-BeiTai.mkv",26913465123,25.07,True,"/Volumes/Media_Lib/Movies/The.Fabelmans.2022.UHD.BluRay.2160p.TrueHD.Atmos.7.1.x265.10bit.HDR-BeiTai/The.Fabelmans.2022.UHD.BluRay.2160p.TrueHD.Atmos.7.1.x265.10bit.HDR-BeiTai.mkv","/Volumes/Media_Lib-1/The.Fabelmans.2022.UHD.BluRay.2160p.TrueHD.Atmos.7.1.x265.10bit.HDR-BeiTai/The.Fabelmans.2022.UHD.BluRay.2160p.TrueHD.Atmos.7.1.x265.10bit.HDR-BeiTai.mkv"
"Roman.Holiday.1953.2160p.UHD.Bluray.TrueHD.2.0.DoVi.HDR10.x265-PTer.mkv",26691676521,24.86,True,"/Volumes/Media_Lib/Movies/0-Latest Movies/Roman.Holiday.1953.2160p.UHD.Bluray.TrueHD.2.0.DoVi.HDR10.x265-PTer.mkv","/Volumes/Media_Lib-1/Roman.Holiday.1953.2160p.UHD.Bluray.TrueHD.2.0.DoVi.HDR10.x265-PTer.mkv"
"Bohemian.Rhapsody.2018.UHD.BluRay.2160p.2Audio.TrueHD(Atmos).7.1.HDR.10bit.x265-beAst.mkv",26565466617,24.74,True,"/Volumes/Media_Lib/Movies/Bohemian.Rhapsody.2018.UHD.BluRay.2160p.2Audio.TrueHD(Atmos).7.1.HDR.10bit.x265-beAst/Bohemian.Rhapsody.2018.UHD.BluRay.2160p.2Audio.TrueHD(Atmos).7.1.HDR.10bit.x265-beAst.mkv","/Volumes/Media_Lib-1/Bohemian.Rhapsody.2018.UHD.BluRay.2160p.2Audio.TrueHD(Atmos).7.1.HDR.10bit.x265-beAst/Bohemian.Rhapsody.2018.UHD.BluRay.2160p.2Audio.TrueHD(Atmos).7.1.HDR.10bit.x265-beAst.mkv"
"X2.2003.BluRay.2160p.x265.10bit.HDR.2Audio.mUHD-FRDS.mkv",26238857512,24.44,True,"/Volumes/Media_Lib/Movies/0-X战警合集/X战警2.X2.2003.BluRay.2160p.x265.10bit.HDR.2Audios.mUHD-FRDS/X2.2003.BluRay.2160p.x265.10bit.HDR.2Audio.mUHD-FRDS.mkv","/Volumes/Media_Lib-1/X战警2.X2.2003.BluRay.2160p.x265.10bit.HDR.2Audios.mUHD-FRDS/X2.2003.BluRay.2160p.x265.10bit.HDR.2Audio.mUHD-FRDS.mkv"
"长安三万里.Chang.An.2023.2160p.HQ.WEB-DL.DDP.AAC.H.265-HDSWEB.mkv",25595573309,23.84,True,"/Volumes/Media_Lib/Movies/0-Latest Movies/长安三万里.Chang.An.2023.2160p.HQ.WEB-DL.DDP.AAC.H.265-HDSWEB.mkv","/Volumes/Media_Lib-1/长安三万里.Chang.An.2023.2160p.HQ.WEB-DL.DDP.AAC.H.265-HDSWEB.mkv"
"Mission.Impossible.Dead.Reckoning.Part.One.2023.V2.2160p.HQ.WEB-DL.H265.DDP5.1.2Audio-CHDWEB.mkv",25419300626,23.67,True,"/Volumes/Media_Lib/Movies/0-Latest Movies/碟中谍7：致命清算（上）.Mission.Impossible.Dead.Reckoning.Part.One.2023.V2.2160p.HQ.WEB-DL.H265.DDP5.1.2Audio-CHDWEB/Mission.Impossible.Dead.Reckoning.Part.One.2023.V2.2160p.HQ.WEB-DL.H265.DDP5.1.2Audio-CHDWEB.mkv","/Volumes/Media_Lib-1/碟中谍7：致命清算（上）.Mission.Impossible.Dead.Reckoning.Part.One.2023.V2.2160p.HQ.WEB-DL.H265.DDP5.1.2Audio-CHDWEB/Mission.Impossible.Dead.Reckoning.Part.One.2023.V2.2160p.HQ.WEB-DL.H265.DDP5.1.2Audio-CHDWEB.mkv"
"X-Men.Days.of.Future.Past.2014.BluRay.2160p.x265.10bit.2Audio.mUHD-FRDS.mkv",25353662194,23.61,True,"/Volumes/Media_Lib/Movies/0-X战警合集/X战警：逆转未来.X-Men.Days.of.Future.Past.2014.BluRay.2160p.x265.10bit.2Audio.mUHD-FRDS/X-Men.Days.of.Future.Past.2014.BluRay.2160p.x265.10bit.2Audio.mUHD-FRDS.mkv","/Volumes/Media_Lib-1/X战警：逆转未来.X-Men.Days.of.Future.Past.2014.BluRay.2160p.x265.10bit.2Audio.mUHD-FRDS/X-Men.Days.of.Future.Past.2014.BluRay.2160p.x265.10bit.2Audio.mUHD-FRDS.mkv"
"Lawrence.of.Arabia.1962.Repack.UHD.BluRay.Part.2.2160p.10bit.DoVi.3Audio.TrueHD(Atmos).7.1.x265-beAst.mkv",24774002071,23.07,True,"/Volumes/Media_Lib/Movies/Lawrence.of.Arabia.1962.Repack.UHD.BluRay.2160p.10bit.DoVi.3Audio.TrueHD(Atmos).7.1.x265-beAst/Lawrence.of.Arabia.1962.Repack.UHD.BluRay.Part.2.2160p.10bit.DoVi.3Audio.TrueHD(Atmos).7.1.x265-beAst.mkv","/Volumes/Media_Lib-1/Lawrence.of.Arabia.1962.Repack.UHD.BluRay.2160p.10bit.DoVi.3Audio.TrueHD(Atmos).7.1.x265-beAst/Lawrence.of.Arabia.1962.Repack.UHD.BluRay.Part.2.2160p.10bit.DoVi.3Audio.TrueHD(Atmos).7.1.x265-beAst.mkv"
"[无名].Hidden.Blade.2023.2160p.V2.60fps.WEB-DL.HEVC.10bit.DDP5.1.2Audios-QHstudIo.mp4",24585474188,22.90,True,"/Volumes/Media_Lib/Movies/[无名].Hidden.Blade.2023.2160p.V2.60fps.WEB-DL.HEVC.10bit.DDP5.1.2Audios-QHstudIo/[无名].Hidden.Blade.2023.2160p.V2.60fps.WEB-DL.HEVC.10bit.DDP5.1.2Audios-QHstudIo.mp4","/Volumes/Media_Lib-1/[无名].Hidden.Blade.2023.2160p.V2.60fps.WEB-DL.HEVC.10bit.DDP5.1.2Audios-QHstudIo/[无名].Hidden.Blade.2023.2160p.V2.60fps.WEB-DL.HEVC.10bit.DDP5.1.2Audios-QHstudIo.mp4"
"The Banshees of Inisherin 2022 MA Hybrid 2160p WEB-DL DV HEVC DTS-HD MA 5.1.mkv",24321153680,22.65,True,"/Volumes/Media_Lib/Movies/The.Banshees.Of.Inisherin.2022.2160p.MA.WEB-DL.x265.10bit.HDR.DTS-HD.MA.5.1-FLUX/The Banshees of Inisherin 2022 MA Hybrid 2160p WEB-DL DV HEVC DTS-HD MA 5.1.mkv","/Volumes/Media_Lib-1/The.Banshees.Of.Inisherin.2022.2160p.MA.WEB-DL.x265.10bit.HDR.DTS-HD.MA.5.1-FLUX/The Banshees of Inisherin 2022 MA Hybrid 2160p WEB-DL DV HEVC DTS-HD MA 5.1.mkv"
"X-Men.The.Last.Stand.2006.BluRay.2160p.x265.10bit.HDR.2Audio.mUHD-FRDS.mkv",23912462259,22.27,True,"/Volumes/Media_Lib/Movies/0-X战警合集/X战警3：背水一战.X-Men.The.Last.Stand.2006.BluRay.2160p.x265.10bit.HDR.2Audio.mUHD-FRDS/X-Men.The.Last.Stand.2006.BluRay.2160p.x265.10bit.HDR.2Audio.mUHD-FRDS.mkv","/Volumes/Media_Lib-1/X战警3：背水一战.X-Men.The.Last.Stand.2006.BluRay.2160p.x265.10bit.HDR.2Audio.mUHD-FRDS/X-Men.The.Last.Stand.2006.BluRay.2160p.x265.10bit.HDR.2Audio.mUHD-FRDS.mkv"
"The.Sinking.of.the.Lisbon.Maru.2023.2160p.HQ.WEB-DL.H265.60fps.DTS5.1-CHDWEB.mkv",23814504345,22.18,True,"/Volumes/Media_Lib/Documentary/里斯本丸沉没.The.Sinking.of.the.Lisbon.Maru.2023.2160p.HQ.WEB-DL.H265.60fps.DTS5.1-CHDWEB/The.Sinking.of.the.Lisbon.Maru.2023.2160p.HQ.WEB-DL.H265.60fps.DTS5.1-CHDWEB.mkv","/Volumes/Media_Lib-1/里斯本丸沉没.The.Sinking.of.the.Lisbon.Maru.2023.2160p.HQ.WEB-DL.H265.60fps.DTS5.1-CHDWEB/The.Sinking.of.the.Lisbon.Maru.2023.2160p.HQ.WEB-DL.H265.60fps.DTS5.1-CHDWEB.mkv"
"Everything.Everywhere.All.at.Once.2022.2160p.BluRay.x265.10bit.Atmos.TrueHD7.1-WiKi.mkv",23688635238,22.06,True,"/Volumes/Media_Lib/Movies/Everything.Everywhere.All.at.Once.2022.2160p.BluRay.x265.10bit.Atmos.TrueHD7.1-WiKi/Everything.Everywhere.All.at.Once.2022.2160p.BluRay.x265.10bit.Atmos.TrueHD7.1-WiKi.mkv","/Volumes/Media_Lib-1/Everything.Everywhere.All.at.Once.2022.2160p.BluRay.x265.10bit.Atmos.TrueHD7.1-WiKi/Everything.Everywhere.All.at.Once.2022.2160p.BluRay.x265.10bit.Atmos.TrueHD7.1-WiKi.mkv"
"沙丘2024.Dune.Part.Two.2024.REPACK.2160p.UPSCALE.WEB.HEVC.10Bit.AAC.2.0-R&H[DiY@DB].mkv",23313899096,21.71,True,"/Volumes/Media_Lib/Movies/0-Latest Movies/Dune.Part.Two.2024.REPACK.2160p.UPSCALE.WEB.HEVC.10Bit.AAC.2.0-R&H/沙丘2024.Dune.Part.Two.2024.REPACK.2160p.UPSCALE.WEB.HEVC.10Bit.AAC.2.0-R&H[DiY@DB].mkv","/Volumes/Media_Lib-1/Dune.Part.Two.2024.REPACK.2160p.UPSCALE.WEB.HEVC.10Bit.AAC.2.0-R&H/沙丘2024.Dune.Part.Two.2024.REPACK.2160p.UPSCALE.WEB.HEVC.10Bit.AAC.2.0-R&H[DiY@DB].mkv"
"Alita.Battle.Angel.2019.2160p.UHD.Bluray.TrueHD.Atmos.7.1.DoVi.HDR10+.x265-PTer.mkv",23078474580,21.49,True,"/Volumes/Media_Lib/Movies/阿丽塔 4K (2019)/Alita.Battle.Angel.2019.2160p.UHD.Bluray.TrueHD.Atmos.7.1.DoVi.HDR10+.x265-PTer.mkv","/Volumes/Media_Lib-1/Alita.Battle.Angel.2019.2160p.UHD.Bluray.TrueHD.Atmos.7.1.DoVi.HDR10+.x265-PTer.mkv"
"八角笼中.Never.Say.Never.2023.60FPS.2160p.WEB-DL.H265.10bit.DDP5.1-OurTV.mp4",22500793364,20.96,True,"/Volumes/Media_Lib/Movies/0-Latest Movies/八角笼中.Never.Say.Never.2023.60FPS.2160p.WEB-DL.H265.10bit.DDP5.1-OurTV/八角笼中.Never.Say.Never.2023.60FPS.2160p.WEB-DL.H265.10bit.DDP5.1-OurTV.mp4","/Volumes/Media_Lib-1/八角笼中.Never.Say.Never.2023.60FPS.2160p.WEB-DL.H265.10bit.DDP5.1-OurTV/八角笼中.Never.Say.Never.2023.60FPS.2160p.WEB-DL.H265.10bit.DDP5.1-OurTV.mp4"
"Top.Gun.Maverick.2022.2160p.WEB-DL.DDP5.1.Atmos.HDR.HEVC-BLUTONiUM.mkv",22230958830,20.70,True,"/Volumes/Media_Lib/Movies/Top Gun 壮志凌云/Top.Gun.Maverick.2022.2160p.WEB-DL.DDP5.1.Atmos.HDR.HEVC-BLUTONiUM.mkv","/Volumes/Media_Lib-1/壮志凌云.Top.Gun.合集/Top.Gun.Maverick.2022.2160p.WEB-DL.DDP5.1.Atmos.HDR.HEVC-BLUTONiUM.mkv"
"Napoleon.2023.2160p.iT.WEB-DL.DDP5.1.Atmos.HDR.H.265-HHWEB.mkv",22005742056,20.49,True,"/Volumes/Media_Lib/Movies/0-Latest Movies/Napoleon.2023.2160p.iT.WEB-DL.DDP5.1.Atmos.HDR.H.265-HHWEB/Napoleon.2023.2160p.iT.WEB-DL.DDP5.1.Atmos.HDR.H.265-HHWEB.mkv","/Volumes/Media_Lib-1/Napoleon.2023.2160p.iT.WEB-DL.DDP5.1.Atmos.HDR.H.265-HHWEB/Napoleon.2023.2160p.iT.WEB-DL.DDP5.1.Atmos.HDR.H.265-HHWEB.mkv"
"The.Wandering.Earth.Ⅱ.2023.V2.WEB-DL.4K.HEVC.DV.DDP-Enichi.mp4",21799336946,20.30,True,"/Volumes/Media_Lib/Movies/0-Latest Movies/The.Wandering.Earth.Ⅱ.2023.V2.WEB-DL.4K.HEVC.DV.DDP-Enichi.mp4","/Volumes/Media_Lib-1/The.Wandering.Earth.Ⅱ.2023.V2.WEB-DL.4K.HEVC.DV.DDP-Enichi.mp4"
"The.Greatest.Showman.2017.UHD.BluRay.2160p.10bit.HDR.2Audio.TrueHD(Atmos).7.1.x265-beAst.mkv",21531324095,20.05,True,"/Volumes/Media_Lib/Movies/The.Greatest.Showman.2017.UHD.BluRay.2160p.10bit.HDR.2Audio.TrueHD(Atmos).7.1.x265-beAst/The.Greatest.Showman.2017.UHD.BluRay.2160p.10bit.HDR.2Audio.TrueHD(Atmos).7.1.x265-beAst.mkv","/Volumes/Media_Lib-1/The.Greatest.Showman.2017.UHD.BluRay.2160p.10bit.HDR.2Audio.TrueHD(Atmos).7.1.x265-beAst/The.Greatest.Showman.2017.UHD.BluRay.2160p.10bit.HDR.2Audio.TrueHD(Atmos).7.1.x265-beAst.mkv"
"All.Quiet.on.the.Western.Front.2022.4K.HDR.2160p.WEBDL Ita Ger x265-NAHOM.mkv",21400427260,19.93,True,"/Volumes/Media_Lib/Movies/All.Quiet.on.the.Western.Front.2022.4K.HDR.2160p.WEBDL Ita Ger x265-NAHOM/All.Quiet.on.the.Western.Front.2022.4K.HDR.2160p.WEBDL Ita Ger x265-NAHOM.mkv","/Volumes/Media_Lib-1/All.Quiet.on.the.Western.Front.2022.4K.HDR.2160p.WEBDL Ita Ger x265-NAHOM.mkv"
"Logan.2017.BluRay.2160p.x265.10bit.HDR.4Audio.mUHD-FRDS.mkv",20893666319,19.46,True,"/Volumes/Media_Lib/Movies/0-X战警合集/金刚狼3.殊死一战.Logan.2017.BluRay.2160p.x265.10bit.HDR.4Audio.mUHD-FRDS/Logan.2017.BluRay.2160p.x265.10bit.HDR.4Audio.mUHD-FRDS.mkv","/Volumes/Media_Lib-1/金刚狼3：殊死一战.Logan.2017.BluRay.2160p.x265.10bit.HDR.4Audio.mUHD-FRDS/Logan.2017.BluRay.2160p.x265.10bit.HDR.4Audio.mUHD-FRDS.mkv"
"Adaptation.2002.UHD.BluRay.2160p.x265.10bit.DoVi.2Audio.mUHD-FRDS.mkv",20673172460,19.25,True,"/Volumes/Media_Lib/Movies/改编剧本.Adaptation.2002.UHD.BluRay.2160p.x265.10bit.DoVi.2Audio.mUHD-FRDS/Adaptation.2002.UHD.BluRay.2160p.x265.10bit.DoVi.2Audio.mUHD-FRDS.mkv","/Volumes/Media_Lib-1/改编剧本.Adaptation.2002.UHD.BluRay.2160p.x265.10bit.DoVi.2Audio.mUHD-FRDS/Adaptation.2002.UHD.BluRay.2160p.x265.10bit.DoVi.2Audio.mUHD-FRDS.mkv"
"Mission.Impossible.Fallout .2018.BluRay.2160p.H265.10bit.HDR.TrueHD.ZH-EN.CHS-ENG.BOBO.mkv",20544890179,19.13,True,"/Volumes/Media_Lib/Movies/0-碟中谍合集/Mission.Impossible.Fallout .2018.BluRay.2160p.H265.10bit.HDR.TrueHD.ZH-EN.CHS-ENG.BOBO.mkv","/Volumes/Media_Lib-1/碟中谍系列/Mission.Impossible.Fallout .2018.BluRay.2160p.H265.10bit.HDR.TrueHD.ZH-EN.CHS-ENG.BOBO.mkv"
"Predestination.2014.1080p.BluRay.REMUX.AVC.DTS-HD.MA.5.1-RARBG.mkv",20315945072,18.92,True,"/Volumes/Media_Lib/Movies/Predestination.2014.1080p.BluRay.REMUX.AVC.DTS-HD.MA.5.1-RARBG/Predestination.2014.1080p.BluRay.REMUX.AVC.DTS-HD.MA.5.1-RARBG.mkv","/Volumes/Media_Lib-1/Predestination.2014.1080p.BluRay.REMUX.AVC.DTS-HD.MA.5.1-RARBG/Predestination.2014.1080p.BluRay.REMUX.AVC.DTS-HD.MA.5.1-RARBG.mkv"
"The.Equalizer.3.2023.2160p.MA.WEB-DL.DDP5.1.DV.HDR.H.265-FLUX.mkv",20303660201,18.91,True,"/Volumes/Media_Lib/Movies/0-Latest Movies/The.Equalizer.3.2023.2160p.MA.WEB-DL.DDP5.1.DV.HDR.H.265-FLUX.mkv","/Volumes/Media_Lib-1/The.Equalizer.3.2023.2160p.MA.WEB-DL.DDP5.1.DV.HDR.H.265-FLUX.mkv"
"The.Great.Gatsby.2013.2160p.UHD.BluRay.x265.10bit.HDR.DTS-HD.MA.5.1.2Audio-PTHome.mkv",20111448682,18.73,True,"/Volumes/Media_Lib/Movies/The.Great.Gatsby.2013.2160p.UHD.BluRay.x265.10bit.HDR.DTS-HD.MA.5.1.2Audio-PTHome/The.Great.Gatsby.2013.2160p.UHD.BluRay.x265.10bit.HDR.DTS-HD.MA.5.1.2Audio-PTHome.mkv","/Volumes/Media_Lib-1/The.Great.Gatsby.2013.2160p.UHD.BluRay.x265.10bit.HDR.DTS-HD.MA.5.1.2Audio-PTHome/The.Great.Gatsby.2013.2160p.UHD.BluRay.x265.10bit.HDR.DTS-HD.MA.5.1.2Audio-PTHome.mkv"
"Elemental.2023.2160p.iTunes.WEB-DL.DDP.7.1.Atmos.DV.H.265-DreamHD.mkv",19809523069,18.45,True,"/Volumes/Media_Lib/Movies/0-Latest Movies/疯狂元素城[杜比视界版本][简繁英字幕].Elemental.2023.2160p.iTunes.WEB-DL.DDP.7.1.Atmos.DV.H.265-DreamHD/Elemental.2023.2160p.iTunes.WEB-DL.DDP.7.1.Atmos.DV.H.265-DreamHD.mkv","/Volumes/Media_Lib-1/疯狂元素城[杜比视界版本][简繁英字幕].Elemental.2023.2160p.iTunes.WEB-DL.DDP.7.1.Atmos.DV.H.265-DreamHD/Elemental.2023.2160p.iTunes.WEB-DL.DDP.7.1.Atmos.DV.H.265-DreamHD.mkv"
"Ip.Man.3.2015.USA.UHD.Blu-ray.2160p.10bit.DoVi.3Audio.TrueHD(Atmos).7.1.x265-beAst.mkv",19668374722,18.32,True,"/Volumes/Media_Lib/Movies/Ip.Man.4-Movie.Collection.2008-2019.USA.UHD.Blu-ray.2160p.10bit.DoVi.3Audio.TrueHD(Atmos).7.1.x265-beAst/Ip.Man.3.2015.USA.UHD.Blu-ray.2160p.10bit.DoVi.3Audio.TrueHD(Atmos).7.1.x265-beAst.mkv","/Volumes/Media_Lib-1/Ip.Man.4-Movie.Collection.2008-2019.USA.UHD.Blu-ray.2160p.10bit.DoVi.3Audio.TrueHD(Atmos).7.1.x265-beAst/Ip.Man.3.2015.USA.UHD.Blu-ray.2160p.10bit.DoVi.3Audio.TrueHD(Atmos).7.1.x265-beAst.mkv"
"Mission.Impossible.V.Rogue.Nation.2015.BluRay.2160p.H265.10bit.HDR.TrueHD.ZH-EN.CHS-ENG.BOBO.mkv",19403549851,18.07,True,"/Volumes/Media_Lib/Movies/0-碟中谍合集/Mission.Impossible.V.Rogue.Nation.2015.BluRay.2160p.H265.10bit.HDR.TrueHD.ZH-EN.CHS-ENG.BOBO.mkv","/Volumes/Media_Lib-1/碟中谍系列/Mission.Impossible.V.Rogue.Nation.2015.BluRay.2160p.H265.10bit.HDR.TrueHD.ZH-EN.CHS-ENG.BOBO.mkv"
"Puss.in.Boots.The.Last.Wish.2022.2160p.MA.WEB-DL.DDP5.1.Atmos.DV.H.265-CMRG.mkv",19382557151,18.05,True,"/Volumes/Media_Lib/Kid/Puss.in.Boots.The.Last.Wish.2022.2160p.MA.WEB-DL.DDP5.1.Atmos.DV.MKV.x265-CM/Puss.in.Boots.The.Last.Wish.2022.2160p.MA.WEB-DL.DDP5.1.Atmos.DV.H.265-CMRG.mkv","/Volumes/Media_Lib-1/Puss.in.Boots.The.Last.Wish.2022.2160p.MA.WEB-DL.DDP5.1.Atmos.DV.MKV.x265-CM/Puss.in.Boots.The.Last.Wish.2022.2160p.MA.WEB-DL.DDP5.1.Atmos.DV.H.265-CMRG.mkv"
"Mission.Impossible.II.2000.BluRay.2160p.H265.10bit.HDR.TrueHD.ZH-EN.CHS-ENG.BOBO.mkv",19181935505,17.86,True,"/Volumes/Media_Lib/Movies/0-碟中谍合集/Mission.Impossible.II.2000.BluRay.2160p.H265.10bit.HDR.TrueHD.ZH-EN.CHS-ENG.BOBO.mkv","/Volumes/Media_Lib-1/碟中谍系列/Mission.Impossible.II.2000.BluRay.2160p.H265.10bit.HDR.TrueHD.ZH-EN.CHS-ENG.BOBO.mkv"
"忠犬八公.Hachiko.2023.2160p.WEB-DL.H265.10bit.DDP2.0-OurTV.mp4",19109942149,17.80,True,"/Volumes/Media_Lib/Movies/0-Latest Movies/忠犬八公.Hachiko.2023.2160p.WEB-DL.H265.10bit.DDP2.0-OurTV/忠犬八公.Hachiko.2023.2160p.WEB-DL.H265.10bit.DDP2.0-OurTV.mp4","/Volumes/Media_Lib-1/忠犬八公.Hachiko.2023.2160p.WEB-DL.H265.10bit.DDP2.0-OurTV/忠犬八公.Hachiko.2023.2160p.WEB-DL.H265.10bit.DDP2.0-OurTV.mp4"
"Ip.Man.4.The.Finale.2019.USA.UHD.Blu-ray.2160p.10bit.DoVi.3Audio.TrueHD(Atmos).7.1.x265-beAst.mkv",18761124015,17.47,True,"/Volumes/Media_Lib/Movies/Ip.Man.4-Movie.Collection.2008-2019.USA.UHD.Blu-ray.2160p.10bit.DoVi.3Audio.TrueHD(Atmos).7.1.x265-beAst/Ip.Man.4.The.Finale.2019.USA.UHD.Blu-ray.2160p.10bit.DoVi.3Audio.TrueHD(Atmos).7.1.x265-beAst.mkv","/Volumes/Media_Lib-1/Ip.Man.4-Movie.Collection.2008-2019.USA.UHD.Blu-ray.2160p.10bit.DoVi.3Audio.TrueHD(Atmos).7.1.x265-beAst/Ip.Man.4.The.Finale.2019.USA.UHD.Blu-ray.2160p.10bit.DoVi.3Audio.TrueHD(Atmos).7.1.x265-beAst.mkv"
"The.Bourne.Identity.2002.BluRay.2160p.x265.10bit.4Audio.mUHD-FRDS.mkv",18457089691,17.19,True,"/Volumes/Media_Lib/Movies/0-谍影重重合集/谍影重重.The.Bourne.Identity.2002.BluRay.2160p.x265.10bit.4Audio.mUHD-FRDS/The.Bourne.Identity.2002.BluRay.2160p.x265.10bit.4Audio.mUHD-FRDS.mkv","/Volumes/Media_Lib-1/谍影重重系列/谍影重重.The.Bourne.Identity.2002.BluRay.2160p.x265.10bit.4Audio.mUHD-FRDS/The.Bourne.Identity.2002.BluRay.2160p.x265.10bit.4Audio.mUHD-FRDS.mkv"
"Mission.Impossible.IV.Ghost.Protocol.2011.BluRay.2160p.H265.10bit.HDR.TrueHD.ZH-EN.CHS-ENG.BOBO.mkv",18445362503,17.18,True,"/Volumes/Media_Lib/Movies/0-碟中谍合集/Mission.Impossible.IV.Ghost.Protocol.2011.BluRay.2160p.H265.10bit.HDR.TrueHD.ZH-EN.CHS-ENG.BOBO.mkv","/Volumes/Media_Lib-1/碟中谍系列/Mission.Impossible.IV.Ghost.Protocol.2011.BluRay.2160p.H265.10bit.HDR.TrueHD.ZH-EN.CHS-ENG.BOBO.mkv"
"Tar.2022.UHD.Blu-ray.2160p.10bit.HDR.TrueHD(Atmos).7.1.x265-beAst.mkv",18213360673,16.96,True,"/Volumes/Media_Lib/Movies/Tar.2022.UHD.Blu-ray.2160p.10bit.HDR.TrueHD(Atmos).7.1.x265-beAst/Tar.2022.UHD.Blu-ray.2160p.10bit.HDR.TrueHD(Atmos).7.1.x265-beAst.mkv","/Volumes/Media_Lib-1/Tar.2022.UHD.Blu-ray.2160p.10bit.HDR.TrueHD(Atmos).7.1.x265-beAst/Tar.2022.UHD.Blu-ray.2160p.10bit.HDR.TrueHD(Atmos).7.1.x265-beAst.mkv"
"Mission.Impossible.1996.BluRay.2160p.H265.10bit.HDR.TrueHD.ZH-EN.CHS-ENG.BOBO.mkv",17816172486,16.59,True,"/Volumes/Media_Lib/Movies/0-碟中谍合集/Mission.Impossible.1996.BluRay.2160p.H265.10bit.HDR.TrueHD.ZH-EN.CHS-ENG.BOBO.mkv","/Volumes/Media_Lib-1/碟中谍系列/Mission.Impossible.1996.BluRay.2160p.H265.10bit.HDR.TrueHD.ZH-EN.CHS-ENG.BOBO.mkv"
"Dragon.Ball.Super.Super.Hero.2022.1080p.BluRay.REMUX.AVC.FLAC5.1-Kitsune.mkv",17228164395,16.04,True,"/Volumes/Media_Lib/Movies/0-Latest Movies/Dragon.Ball.Super.Super.Hero.2022.1080p.BluRay.REMUX.AVC.FLAC5.1-Kitsune.mkv","/Volumes/Media_Lib-1/Dragon.Ball.Super.Super.Hero.2022.1080p.BluRay.REMUX.AVC.FLAC5.1-Kitsune.mkv"
"A.Perfect.Planet.S01E05.Humans.2160p.UHD.BluRay.x265.HDR.TrueHD.Atmos.mUHD-FRDS.mkv",16227840171,15.11,True,"/Volumes/Media_Lib/Documentary/A.Perfect.Planet.2021.S01.UHD.BluRay.2160p.mUHD-FRDS/A.Perfect.Planet.S01E05.Humans.2160p.UHD.BluRay.x265.HDR.TrueHD.Atmos.mUHD-FRDS.mkv","/Volumes/Media_Lib-1/A.Perfect.Planet.2021.S01.UHD.BluRay.2160p.mUHD-FRDS/A.Perfect.Planet.S01E05.Humans.2160p.UHD.BluRay.x265.HDR.TrueHD.Atmos.mUHD-FRDS.mkv"
"The.Wandering.Earth.2019.WEB-DL.4K.HEVC.HDR.10bit.DD+5.1-LeagueWEB.mkv",15897192002,14.81,True,"/Volumes/Media_Lib/Movies/0-Latest Movies/The.Wandering.Earth.2019.WEB-DL.4K.HEVC.HDR.10bit.DD+5.1-LeagueWEB.mkv","/Volumes/Media_Lib-1/The.Wandering.Earth.2019.WEB-DL.4K.HEVC.HDR.10bit.DD+5.1-LeagueWEB.mkv"
"A.Perfect.Planet.S01E04.Oceans.2160p.UHD.BluRay.x265.HDR.TrueHD.Atmos.mUHD-FRDS.mkv",15498143768,14.43,True,"/Volumes/Media_Lib/Documentary/A.Perfect.Planet.2021.S01.UHD.BluRay.2160p.mUHD-FRDS/A.Perfect.Planet.S01E04.Oceans.2160p.UHD.BluRay.x265.HDR.TrueHD.Atmos.mUHD-FRDS.mkv","/Volumes/Media_Lib-1/A.Perfect.Planet.2021.S01.UHD.BluRay.2160p.mUHD-FRDS/A.Perfect.Planet.S01E04.Oceans.2160p.UHD.BluRay.x265.HDR.TrueHD.Atmos.mUHD-FRDS.mkv"
"Mission.Impossible.III.2006.BluRay.2160p.H265.10bit.HDR.TrueHD.ZH-EN.CHS-ENG.BOBO.mkv",15395369994,14.34,True,"/Volumes/Media_Lib/Movies/0-碟中谍合集/Mission.Impossible.III.2006.BluRay.2160p.H265.10bit.HDR.TrueHD.ZH-EN.CHS-ENG.BOBO.mkv","/Volumes/Media_Lib-1/碟中谍系列/Mission.Impossible.III.2006.BluRay.2160p.H265.10bit.HDR.TrueHD.ZH-EN.CHS-ENG.BOBO.mkv"
"Three.Billboards.Outside.Ebbing.Missouri.2017.1080p.BluRay.DTS.x264-Geek.mkv",14765343956,13.75,True,"/Volumes/Media_Lib/Movies/三个广告牌/Three.Billboards.Outside.Ebbing.Missouri.2017.1080p.BluRay.DTS.x264-Geek.mkv","/Volumes/Media_Lib-1/Three.Billboards.Outside.Ebbing.Missouri.2017.1080p.BluRay.DTS.x264-Geek.mkv"
"Spider-Man.Across.The.Spider-Verse.2023.BluRay.1080p.3Audio.DTS-HD.MA5.1.x265.10bit-BeiTai.mkv",14226289150,13.25,True,"/Volumes/Media_Lib/Movies/Spider-Man.Across.The.Spider-Verse.2023.BluRay.1080p.3Audio.DTS-HD.MA5.1.x265.10bit-BeiTai/Spider-Man.Across.The.Spider-Verse.2023.BluRay.1080p.3Audio.DTS-HD.MA5.1.x265.10bit-BeiTai.mkv","/Volumes/Media_Lib-1/Spider-Man.Across.The.Spider-Verse.2023.BluRay.1080p.3Audio.DTS-HD.MA5.1.x265.10bit-BeiTai/Spider-Man.Across.The.Spider-Verse.2023.BluRay.1080p.3Audio.DTS-HD.MA5.1.x265.10bit-BeiTai.mkv"
"Contact.1997.1080p.BluRay.DTS.x264-HiDt.mkv",14045488247,13.08,True,"/Volumes/Media_Lib/Movies/Contact.1997.1080p.BluRay.DTS.x264-HiDt.mkv","/Volumes/Media_Lib-1/Contact.1997.1080p.BluRay.DTS.x264-HiDt.mkv"
"Love.Letter.1995.BluRay.1080p.3Audio.TrueHD.5.1.x264-beAst.mkv",13920503924,12.96,True,"/Volumes/Media_Lib/Movies/Love.Letter.1995.BluRay.1080p.3Audio.TrueHD.5.1.x264-beAst/Love.Letter.1995.BluRay.1080p.3Audio.TrueHD.5.1.x264-beAst.mkv","/Volumes/Media_Lib-1/Love.Letter.1995.BluRay.1080p.3Audio.TrueHD.5.1.x264-beAst/Love.Letter.1995.BluRay.1080p.3Audio.TrueHD.5.1.x264-beAst.mkv"
"Pinocchio.2022.DV.2160p.WEB.h265-KOGi.mkv",13585130794,12.65,True,"/Volumes/Media_Lib/Kid/Pinocchio.2022.2160p.DSNP.WEB-DL.DDP5.1.Atmos.DV.MKV.x265-KOGi/Pinocchio.2022.DV.2160p.WEB.h265-KOGi.mkv","/Volumes/Media_Lib-1/Pinocchio.2022.2160p.DSNP.WEB-DL.DDP5.1.Atmos.DV.MKV.x265-KOGi/Pinocchio.2022.DV.2160p.WEB.h265-KOGi.mkv"
"A.Perfect.Planet.S01E02.The.Sun.2160p.UHD.BluRay.x265.HDR.TrueHD.Atmos.mUHD-FRDS.mkv",13132285134,12.23,True,"/Volumes/Media_Lib/Documentary/A.Perfect.Planet.2021.S01.UHD.BluRay.2160p.mUHD-FRDS/A.Perfect.Planet.S01E02.The.Sun.2160p.UHD.BluRay.x265.HDR.TrueHD.Atmos.mUHD-FRDS.mkv","/Volumes/Media_Lib-1/A.Perfect.Planet.2021.S01.UHD.BluRay.2160p.mUHD-FRDS/A.Perfect.Planet.S01E02.The.Sun.2160p.UHD.BluRay.x265.HDR.TrueHD.Atmos.mUHD-FRDS.mkv"
"BBC.Planet.Earth.III.2023.EP04.UHD.BluRay.2160p.2Audio.TrueHD.Atmos.7.1.x265.10bit.HDR-beAst.mkv",12664593750,11.79,True,"/Volumes/Media_Lib/Documentary/Planet Earth Episode III/BBC.Planet.Earth.III.2023.EP04.UHD.BluRay.2160p.2Audio.TrueHD.Atmos.7.1.x265.10bit.HDR-beAst.mkv","/Volumes/Media_Lib-1/BBC.Planet.Earth.III.2023.EP01-EP08.UHD.BluRay.2160p.2Audio.TrueHD.Atmos.7.1.x265.10bit.HDR-beAst/BBC.Planet.Earth.III.2023.EP04.UHD.BluRay.2160p.2Audio.TrueHD.Atmos.7.1.x265.10bit.HDR-beAst.mkv"
"A.Perfect.Planet.S01E03.Weather.2160p.UHD.BluRay.x265.HDR.TrueHD.Atmos.mUHD-FRDS.mkv",12470807688,11.61,True,"/Volumes/Media_Lib/Documentary/A.Perfect.Planet.2021.S01.UHD.BluRay.2160p.mUHD-FRDS/A.Perfect.Planet.S01E03.Weather.2160p.UHD.BluRay.x265.HDR.TrueHD.Atmos.mUHD-FRDS.mkv","/Volumes/Media_Lib-1/A.Perfect.Planet.2021.S01.UHD.BluRay.2160p.mUHD-FRDS/A.Perfect.Planet.S01E03.Weather.2160p.UHD.BluRay.x265.HDR.TrueHD.Atmos.mUHD-FRDS.mkv"
"A.Perfect.Planet.S01E01.Volcano.2160p.UHD.BluRay.x265.HDR.TrueHD.Atmos.mUHD-FRDS.mkv",12402188066,11.55,True,"/Volumes/Media_Lib/Documentary/A.Perfect.Planet.2021.S01.UHD.BluRay.2160p.mUHD-FRDS/A.Perfect.Planet.S01E01.Volcano.2160p.UHD.BluRay.x265.HDR.TrueHD.Atmos.mUHD-FRDS.mkv","/Volumes/Media_Lib-1/A.Perfect.Planet.2021.S01.UHD.BluRay.2160p.mUHD-FRDS/A.Perfect.Planet.S01E01.Volcano.2160p.UHD.BluRay.x265.HDR.TrueHD.Atmos.mUHD-FRDS.mkv"
"BBC.Planet.Earth.III.2023.EP02.UHD.BluRay.2160p.2Audio.TrueHD.Atmos.7.1.x265.10bit.HDR-beAst.mkv",11956950139,11.14,True,"/Volumes/Media_Lib/Documentary/Planet Earth Episode III/BBC.Planet.Earth.III.2023.EP02.UHD.BluRay.2160p.2Audio.TrueHD.Atmos.7.1.x265.10bit.HDR-beAst.mkv","/Volumes/Media_Lib-1/BBC.Planet.Earth.III.2023.EP01-EP08.UHD.BluRay.2160p.2Audio.TrueHD.Atmos.7.1.x265.10bit.HDR-beAst/BBC.Planet.Earth.III.2023.EP02.UHD.BluRay.2160p.2Audio.TrueHD.Atmos.7.1.x265.10bit.HDR-beAst.mkv"
"Memento.2000.BluRay.1080p.DTS-HD.MA5.1.x265.10bit-BeiTai.mkv",11908867509,11.09,True,"/Volumes/Media_Lib/Movies/0-克里斯托弗·诺兰导演合集/Memento.2000.BluRay.1080p.DTS-HD.MA5.1.x265.10bit-BeiTai/Memento.2000.BluRay.1080p.DTS-HD.MA5.1.x265.10bit-BeiTai.mkv","/Volumes/Media_Lib-1/克里斯托弗·罗兰导演合集/Memento.2000.BluRay.1080p.DTS-HD.MA5.1.x265.10bit-BeiTai/Memento.2000.BluRay.1080p.DTS-HD.MA5.1.x265.10bit-BeiTai.mkv"
"BBC.Planet.Earth.III.2023.EP05.UHD.BluRay.2160p.2Audio.TrueHD.Atmos.7.1.x265.10bit.HDR-beAst.mkv",11745895746,10.94,True,"/Volumes/Media_Lib/Documentary/Planet Earth Episode III/BBC.Planet.Earth.III.2023.EP05.UHD.BluRay.2160p.2Audio.TrueHD.Atmos.7.1.x265.10bit.HDR-beAst.mkv","/Volumes/Media_Lib-1/BBC.Planet.Earth.III.2023.EP01-EP08.UHD.BluRay.2160p.2Audio.TrueHD.Atmos.7.1.x265.10bit.HDR-beAst/BBC.Planet.Earth.III.2023.EP05.UHD.BluRay.2160p.2Audio.TrueHD.Atmos.7.1.x265.10bit.HDR-beAst.mkv"
"The.Eight.Hundred.2020.BluRay.1080p.DTS-HD.MA.5.1.x265.10bit-BeiTai.mkv",11682223085,10.88,True,"/Volumes/Media_Lib/Movies/The.Eight.Hundred.2020.BluRay.1080p.DTS-HD.MA.5.1.x265.10bit-BeiTai/The.Eight.Hundred.2020.BluRay.1080p.DTS-HD.MA.5.1.x265.10bit-BeiTai.mkv","/Volumes/Media_Lib-1/The.Eight.Hundred.2020.BluRay.1080p.DTS-HD.MA.5.1.x265.10bit-BeiTai/The.Eight.Hundred.2020.BluRay.1080p.DTS-HD.MA.5.1.x265.10bit-BeiTai.mkv"
"The.Grand.Budapest.Hotel.2014.REPACK.1080p.BluRay.DTS.x264-FoRM.mkv",11567058941,10.77,True,"/Volumes/Media_Lib/Movies/布达佩斯大饭店/The.Grand.Budapest.Hotel.2014.REPACK.1080p.BluRay.DTS.x264-FoRM.mkv","/Volumes/Media_Lib-1/The.Grand.Budapest.Hotel.2014.REPACK.1080p.BluRay.DTS.x264-FoRM.mkv"
"The.Next.Three.Days.2010.1080p.JPN.Blu-ray.x265.10bit.DTS-HD.MA.7.1-Iceyumao@Dream.mkv",11559738168,10.77,True,"/Volumes/Media_Lib/Movies/The.Next.Three.Days.2010.1080p.JPN.Blu-ray.x265.10bit.DTS-HD.MA.7.1-Iceyumao@Dream/The.Next.Three.Days.2010.1080p.JPN.Blu-ray.x265.10bit.DTS-HD.MA.7.1-Iceyumao@Dream.mkv","/Volumes/Media_Lib-1/The.Next.Three.Days.2010.1080p.JPN.Blu-ray.x265.10bit.DTS-HD.MA.7.1-Iceyumao@Dream/The.Next.Three.Days.2010.1080p.JPN.Blu-ray.x265.10bit.DTS-HD.MA.7.1-Iceyumao@Dream.mkv"
"BBC.Planet.Earth.III.2023.EP08.UHD.BluRay.2160p.2Audio.TrueHD.Atmos.7.1.x265.10bit.HDR-beAst.mkv",11380048967,10.60,True,"/Volumes/Media_Lib/Documentary/Planet Earth Episode III/BBC.Planet.Earth.III.2023.EP08.UHD.BluRay.2160p.2Audio.TrueHD.Atmos.7.1.x265.10bit.HDR-beAst.mkv","/Volumes/Media_Lib-1/BBC.Planet.Earth.III.2023.EP01-EP08.UHD.BluRay.2160p.2Audio.TrueHD.Atmos.7.1.x265.10bit.HDR-beAst/BBC.Planet.Earth.III.2023.EP08.UHD.BluRay.2160p.2Audio.TrueHD.Atmos.7.1.x265.10bit.HDR-beAst.mkv"
"[金爆行动]Operation.Fortune.Ruse.de.guerre.2023.Blu-ray.1080p.x264.DTS-HD.MA.5.1-BtsHD.mkv",11371121595,10.59,True,"/Volumes/Media_Lib/Movies/[金爆行动]Operation.Fortune.Ruse.de.guerre.2023.Blu-ray.1080p.x264.DTS-HD.MA.5.1-BtsHD.mkv","/Volumes/Media_Lib-1/[金爆行动]Operation.Fortune.Ruse.de.guerre.2023.Blu-ray.1080p.x264.DTS-HD.MA.5.1-BtsHD.mkv"
"BBC.Planet.Earth.III.2023.EP07.UHD.BluRay.2160p.2Audio.TrueHD.Atmos.7.1.x265.10bit.HDR-beAst.mkv",11238977740,10.47,True,"/Volumes/Media_Lib/Documentary/Planet Earth Episode III/BBC.Planet.Earth.III.2023.EP07.UHD.BluRay.2160p.2Audio.TrueHD.Atmos.7.1.x265.10bit.HDR-beAst.mkv","/Volumes/Media_Lib-1/BBC.Planet.Earth.III.2023.EP01-EP08.UHD.BluRay.2160p.2Audio.TrueHD.Atmos.7.1.x265.10bit.HDR-beAst/BBC.Planet.Earth.III.2023.EP07.UHD.BluRay.2160p.2Audio.TrueHD.Atmos.7.1.x265.10bit.HDR-beAst.mkv"
"Top.Gun.1986.USA.BluRay.1080p.x264.Atmos.TrueHD.7.1-BtsHD.mkv",11136516881,10.37,True,"/Volumes/Media_Lib/Movies/Top Gun 壮志凌云/Top.Gun.1986.USA.BluRay.1080p.x264.Atmos.TrueHD.7.1-BtsHD.mkv","/Volumes/Media_Lib-1/壮志凌云.Top.Gun.合集/Top.Gun.1986.USA.BluRay.1080p.x264.Atmos.TrueHD.7.1-BtsHD.mkv"
"The.Father.2020.2160p.AMZN.WEB-DL.DDP5.1.HDR.HEVC-CMRG.mkv",11052433259,10.29,True,"/Volumes/Media_Lib/Movies/困在时间里的父亲/The.Father.2020.2160p.AMZN.WEB-DL.DDP5.1.HDR.HEVC-CMRG.mkv","/Volumes/Media_Lib-1/The.Father.2020.2160p.AMZN.WEB-DL.DDP5.1.HDR.HEVC-CMRG.mkv"
"[1987逆权公民]1987.When.the.Day.Comes.2017.HKG.Blu-ray.1080p.x264.TrueHD-BtsHD.mkv",10924831511,10.17,True,"/Volumes/Media_Lib/Movies/[1987逆权公民]1987.When.the.Day.Comes.2017.HKG.Blu-ray.1080p.x264.TrueHD-BtsHD.mkv","/Volumes/Media_Lib-1/[1987逆权公民]1987.When.the.Day.Comes.2017.HKG.Blu-ray.1080p.x264.TrueHD-BtsHD.mkv"
"the.lord.of.the.rings.the.rings.of.power.s02e08.hdr.2160p.web.h265.mkv",10543870984,9.82,True,"/Volumes/Media_Lib/TV-Series/指环王：力量之戒/S02/the.lord.of.the.rings.the.rings.of.power.s02e08.hdr.2160p.web.h265.mkv","/Volumes/Media_Lib-1/the.lord.of.the.rings.the.rings.of.power.s02e08.hdr.2160p.web.h265.mkv"
"BBC.Planet.Earth.III.2023.EP01.UHD.BluRay.2160p.2Audio.TrueHD.Atmos.7.1.x265.10bit.HDR-beAst.mkv",10533306129,9.81,True,"/Volumes/Media_Lib/Documentary/Planet Earth Episode III/BBC.Planet.Earth.III.2023.EP01.UHD.BluRay.2160p.2Audio.TrueHD.Atmos.7.1.x265.10bit.HDR-beAst.mkv","/Volumes/Media_Lib-1/BBC.Planet.Earth.III.2023.EP01-EP08.UHD.BluRay.2160p.2Audio.TrueHD.Atmos.7.1.x265.10bit.HDR-beAst/BBC.Planet.Earth.III.2023.EP01.UHD.BluRay.2160p.2Audio.TrueHD.Atmos.7.1.x265.10bit.HDR-beAst.mkv"
"BBC.Planet.Earth.III.2023.EP03.UHD.BluRay.2160p.2Audio.TrueHD.Atmos.7.1.x265.10bit.HDR-beAst.mkv",10483107961,9.76,True,"/Volumes/Media_Lib/Documentary/Planet Earth Episode III/BBC.Planet.Earth.III.2023.EP03.UHD.BluRay.2160p.2Audio.TrueHD.Atmos.7.1.x265.10bit.HDR-beAst.mkv","/Volumes/Media_Lib-1/BBC.Planet.Earth.III.2023.EP01-EP08.UHD.BluRay.2160p.2Audio.TrueHD.Atmos.7.1.x265.10bit.HDR-beAst/BBC.Planet.Earth.III.2023.EP03.UHD.BluRay.2160p.2Audio.TrueHD.Atmos.7.1.x265.10bit.HDR-beAst.mkv"
"the.lord.of.the.rings.the.rings.of.power.s02e07.hdr.2160p.web.h265.mkv",10429298395,9.71,True,"/Volumes/Media_Lib/TV-Series/指环王：力量之戒/S02/the.lord.of.the.rings.the.rings.of.power.s02e07.hdr.2160p.web.h265.mkv","/Volumes/Media_Lib-1/the.lord.of.the.rings.the.rings.of.power.s02e07.hdr.2160p.web.h265.mkv"
"The.Imitation.Game.2014.BluRay.1080p.DTS-HD.MA.5.1.x265.10bit-BeiTai.mkv",10324340097,9.62,True,"/Volumes/Media_Lib/Movies/The.Imitation.Game.2014.BluRay.1080p.DTS-HD.MA.5.1.x265.10bit-BeiTai/The.Imitation.Game.2014.BluRay.1080p.DTS-HD.MA.5.1.x265.10bit-BeiTai.mkv","/Volumes/Media_Lib-1/The.Imitation.Game.2014.BluRay.1080p.DTS-HD.MA.5.1.x265.10bit-BeiTai/The.Imitation.Game.2014.BluRay.1080p.DTS-HD.MA.5.1.x265.10bit-BeiTai.mkv"
"Shi.Fu.AKA.The.Final.Master.2015.1080p.BluRay.DDP5.1.x264-PTer.mkv",10015518551,9.33,True,"/Volumes/Media_Lib/Movies/0-Latest Movies/Shi.Fu.AKA.The.Final.Master.2015.1080p.BluRay.DDP5.1.x264-PTer.mkv","/Volumes/Media_Lib-1/Shi.Fu.AKA.The.Final.Master.2015.1080p.BluRay.DDP5.1.x264-PTer.mkv"
"messis.world.cup.the.rise.of.a.legend.s01e03.dv.2160p.web.h265-successfulcrab.mkv",9238492366,8.60,True,"/Volumes/Media_Lib/Documentary/Messis.World.Cup.The.Rise.of.a.Legend.S01.DV.2160p.WEB.H265-SuccessfulCrab/messis.world.cup.the.rise.of.a.legend.s01e03.dv.2160p.web.h265-successfulcrab.mkv","/Volumes/Media_Lib-1/Messis.World.Cup.The.Rise.of.a.Legend.S01.DV.2160p.WEB.H265-SuccessfulCrab/messis.world.cup.the.rise.of.a.legend.s01e03.dv.2160p.web.h265-successfulcrab.mkv"
"the.lord.of.the.rings.the.rings.of.power.s02e06.hdr.2160p.web.h265.mkv",9005687490,8.39,True,"/Volumes/Media_Lib/TV-Series/指环王：力量之戒/S02/the.lord.of.the.rings.the.rings.of.power.s02e06.hdr.2160p.web.h265.mkv","/Volumes/Media_Lib-1/the.lord.of.the.rings.the.rings.of.power.s02e06.hdr.2160p.web.h265.mkv"
"BBC.Planet.Earth.III.2023.EP06.UHD.BluRay.2160p.2Audio.TrueHD.Atmos.7.1.x265.10bit.HDR-beAst.mkv",8854199735,8.25,True,"/Volumes/Media_Lib/Documentary/Planet Earth Episode III/BBC.Planet.Earth.III.2023.EP06.UHD.BluRay.2160p.2Audio.TrueHD.Atmos.7.1.x265.10bit.HDR-beAst.mkv","/Volumes/Media_Lib-1/BBC.Planet.Earth.III.2023.EP01-EP08.UHD.BluRay.2160p.2Audio.TrueHD.Atmos.7.1.x265.10bit.HDR-beAst/BBC.Planet.Earth.III.2023.EP06.UHD.BluRay.2160p.2Audio.TrueHD.Atmos.7.1.x265.10bit.HDR-beAst.mkv"
"Gone.Girl.2014.BluRay.1080p.DTS-HD.MA.7.1.x265.10bit-BeiTai.mkv",8713334986,8.11,True,"/Volumes/Media_Lib/Movies/Gone.Girl.2014.BluRay.1080p.DTS-HD.MA.7.1.x265.10bit-BeiTai/Gone.Girl.2014.BluRay.1080p.DTS-HD.MA.7.1.x265.10bit-BeiTai.mkv","/Volumes/Media_Lib-1/Gone.Girl.2014.BluRay.1080p.DTS-HD.MA.7.1.x265.10bit-BeiTai/Gone.Girl.2014.BluRay.1080p.DTS-HD.MA.7.1.x265.10bit-BeiTai.mkv"
"messis.world.cup.the.rise.of.a.legend.s01e01.dv.2160p.web.h265-successfulcrab.mkv",8484690645,7.90,True,"/Volumes/Media_Lib/Documentary/Messis.World.Cup.The.Rise.of.a.Legend.S01.DV.2160p.WEB.H265-SuccessfulCrab/messis.world.cup.the.rise.of.a.legend.s01e01.dv.2160p.web.h265-successfulcrab.mkv","/Volumes/Media_Lib-1/Messis.World.Cup.The.Rise.of.a.Legend.S01.DV.2160p.WEB.H265-SuccessfulCrab/messis.world.cup.the.rise.of.a.legend.s01e01.dv.2160p.web.h265-successfulcrab.mkv"
"messis.world.cup.the.rise.of.a.legend.s01e02.dv.2160p.web.h265-successfulcrab.mkv",8304723574,7.73,True,"/Volumes/Media_Lib/Documentary/Messis.World.Cup.The.Rise.of.a.Legend.S01.DV.2160p.WEB.H265-SuccessfulCrab/messis.world.cup.the.rise.of.a.legend.s01e02.dv.2160p.web.h265-successfulcrab.mkv","/Volumes/Media_Lib-1/Messis.World.Cup.The.Rise.of.a.Legend.S01.DV.2160p.WEB.H265-SuccessfulCrab/messis.world.cup.the.rise.of.a.legend.s01e02.dv.2160p.web.h265-successfulcrab.mkv"
"Searching.2018.BluRay.1080p.DTS.x264-CHD.mkv",8246742050,7.68,True,"/Volumes/Media_Lib/Movies/Searching.2018.BluRay.1080p.DTS.x264-CHD/Searching.2018.BluRay.1080p.DTS.x264-CHD.mkv","/Volumes/Media_Lib-1/Searching.2018.BluRay.1080p.DTS.x264-CHD/Searching.2018.BluRay.1080p.DTS.x264-CHD.mkv"
"messis.world.cup.the.rise.of.a.legend.s01e04.dv.2160p.web.h265-successfulcrab.mkv",8187112210,7.62,True,"/Volumes/Media_Lib/Documentary/Messis.World.Cup.The.Rise.of.a.Legend.S01.DV.2160p.WEB.H265-SuccessfulCrab/messis.world.cup.the.rise.of.a.legend.s01e04.dv.2160p.web.h265-successfulcrab.mkv","/Volumes/Media_Lib-1/Messis.World.Cup.The.Rise.of.a.Legend.S01.DV.2160p.WEB.H265-SuccessfulCrab/messis.world.cup.the.rise.of.a.legend.s01e04.dv.2160p.web.h265-successfulcrab.mkv"
"The.Devils.Double.2011.1080p.BluRay.x264.DTS-FGT.mkv",8186390899,7.62,True,"/Volumes/Media_Lib/Movies/The.Devils.Double.2011.1080p.BluRay.x264.DTS-FGT/The.Devils.Double.2011.1080p.BluRay.x264.DTS-FGT.mkv","/Volumes/Media_Lib-1/The.Devils.Double.2011.1080p.BluRay.x264.DTS-FGT/The.Devils.Double.2011.1080p.BluRay.x264.DTS-FGT.mkv"
"Following.1998.CC.Bluray.1080p.x265.10bit.MNHD-FRDS.mkv",7895658542,7.35,True,"/Volumes/Media_Lib/Movies/0-克里斯托弗·诺兰导演合集/Following.1998.CC.Bluray.1080p.x265.10bit.MNHD-FRDS/Following.1998.CC.Bluray.1080p.x265.10bit.MNHD-FRDS.mkv","/Volumes/Media_Lib-1/克里斯托弗·罗兰导演合集/Following.1998.CC.Bluray.1080p.x265.10bit.MNHD-FRDS/Following.1998.CC.Bluray.1080p.x265.10bit.MNHD-FRDS.mkv"
"Glass.Onion.A.Knives.Out.Mystery.2022.1080p.NF.WEB-DL.DDP5.1.Atmos.H.264-SMURF.mkv",7865391016,7.33,True,"/Volumes/Media_Lib/Movies/0-Latest Movies/Glass.Onion.A.Knives.Out.Mystery.2022.1080p.NF.WEBRip.DDP5.1.Atmos.x264-SMURF/Glass.Onion.A.Knives.Out.Mystery.2022.1080p.NF.WEB-DL.DDP5.1.Atmos.H.264-SMURF.mkv","/Volumes/Media_Lib-1/Glass.Onion.A.Knives.Out.Mystery.2022.1080p.NF.WEBRip.DDP5.1.Atmos.x264-SMURF/Glass.Onion.A.Knives.Out.Mystery.2022.1080p.NF.WEB-DL.DDP5.1.Atmos.H.264-SMURF.mkv"
"The.Pig.the.Snake.and.the.Pigeon.2023.1080p.NF.DDP5.1.H264-TZFILE.mkv",7770337358,7.24,True,"/Volumes/Media_Lib/Movies/0-Latest Movies/The.Pig.the.Snake.and.the.Pigeon.2023.1080p.NF.DDP5.1.H264-TZFILE.mkv","/Volumes/Media_Lib-1/The.Pig.the.Snake.and.the.Pigeon.2023.1080p.NF.DDP5.1.H264-TZFILE.mkv"
"Our.Planet.2019.S02E04.Chapter.4.Freedom.to.Roam.2160p.NF.WEB-DL.DDP5.1.Atmos.DV.HDR.H.265-FLUX.mkv",7382130987,6.88,True,"/Volumes/Media_Lib/Documentary/Our.Planet.2019.S02.2160p.NF.WEB-DL.DDP5.1.Atmos.DV.HDR.H.265-FLUX/Our.Planet.2019.S02E04.Chapter.4.Freedom.to.Roam.2160p.NF.WEB-DL.DDP5.1.Atmos.DV.HDR.H.265-FLUX.mkv","/Volumes/Media_Lib-1/Our.Planet.2019.S02.2160p.NF.WEB-DL.DDP5.1.Atmos.DV.HDR.H.265-FLUX/Our.Planet.2019.S02E04.Chapter.4.Freedom.to.Roam.2160p.NF.WEB-DL.DDP5.1.Atmos.DV.HDR.H.265-FLUX.mkv"
"Our.Planet.2019.S02E03.Chapter.3.The.Next.Generation.2160p.NF.WEB-DL.DDP5.1.Atmos.DV.HDR.H.265-FLUX.mkv",7357252093,6.85,True,"/Volumes/Media_Lib/Documentary/Our.Planet.2019.S02.2160p.NF.WEB-DL.DDP5.1.Atmos.DV.HDR.H.265-FLUX/Our.Planet.2019.S02E03.Chapter.3.The.Next.Generation.2160p.NF.WEB-DL.DDP5.1.Atmos.DV.HDR.H.265-FLUX.mkv","/Volumes/Media_Lib-1/Our.Planet.2019.S02.2160p.NF.WEB-DL.DDP5.1.Atmos.DV.HDR.H.265-FLUX/Our.Planet.2019.S02E03.Chapter.3.The.Next.Generation.2160p.NF.WEB-DL.DDP5.1.Atmos.DV.HDR.H.265-FLUX.mkv"
"Gold.2016.BluRay.1080p.x265.10bit.DDP5.1.MNHD-FRDS.mkv",7130264994,6.64,True,"/Volumes/Media_Lib/Movies/金矿.Gold.2016.BluRay.1080p.x265.10bit.DDP5.1.MNHD-FRDS/Gold.2016.BluRay.1080p.x265.10bit.DDP5.1.MNHD-FRDS.mkv","/Volumes/Media_Lib-1/金矿.Gold.2016.BluRay.1080p.x265.10bit.DDP5.1.MNHD-FRDS/Gold.2016.BluRay.1080p.x265.10bit.DDP5.1.MNHD-FRDS.mkv"
"The.Two.Popes.2019.1080p.NF.WEB-DL.DDP5.1.x264-NTG.mkv",7033862518,6.55,True,"/Volumes/Media_Lib/Movies/0-Latest Movies/The.Two.Popes.2019.1080p.NF.WEB-DL.DDP5.1.x264-NTG.mkv","/Volumes/Media_Lib-1/The.Two.Popes.2019.1080p.NF.WEB-DL.DDP5.1.x264-NTG.mkv"
"Our.Planet.2019.S02E01.Chapter.1.World.on.the.Move.2160p.NF.WEB-DL.DDP5.1.Atmos.DV.HDR.H.265-FLUX.mkv",7031599426,6.55,True,"/Volumes/Media_Lib/Documentary/Our.Planet.2019.S02.2160p.NF.WEB-DL.DDP5.1.Atmos.DV.HDR.H.265-FLUX/Our.Planet.2019.S02E01.Chapter.1.World.on.the.Move.2160p.NF.WEB-DL.DDP5.1.Atmos.DV.HDR.H.265-FLUX.mkv","/Volumes/Media_Lib-1/Our.Planet.2019.S02.2160p.NF.WEB-DL.DDP5.1.Atmos.DV.HDR.H.265-FLUX/Our.Planet.2019.S02E01.Chapter.1.World.on.the.Move.2160p.NF.WEB-DL.DDP5.1.Atmos.DV.HDR.H.265-FLUX.mkv"
"X-Men.Origins.Wolverine.2009.BluRay.1080p.x265.10bit.2Audio.MNHD-FRDS.mkv",6993228340,6.51,True,"/Volumes/Media_Lib/Movies/0-X战警合集/金刚狼1.X-Men.Origins.Wolverine.2009.BluRay.1080p.x265.10bit.2Audio.MNHD-FRDS/X-Men.Origins.Wolverine.2009.BluRay.1080p.x265.10bit.2Audio.MNHD-FRDS.mkv","/Volumes/Media_Lib-1/X战警前传金刚狼.X-Men.Origins.Wolverine.2009.BluRay.1080p.x265.10bit.2Audio.MNHD-FRDS/X-Men.Origins.Wolverine.2009.BluRay.1080p.x265.10bit.2Audio.MNHD-FRDS.mkv"
"A.Perfect.Planet.S01SP.Make.A.Prefect.Planet.2160p.UHD.BluRay.x265.HDR.TrueHD.Atmos.mUHD-FRDS.mkv",5856042973,5.45,True,"/Volumes/Media_Lib/Documentary/A.Perfect.Planet.2021.S01.UHD.BluRay.2160p.mUHD-FRDS/A.Perfect.Planet.S01SP.Make.A.Prefect.Planet.2160p.UHD.BluRay.x265.HDR.TrueHD.Atmos.mUHD-FRDS.mkv","/Volumes/Media_Lib-1/A.Perfect.Planet.2021.S01.UHD.BluRay.2160p.mUHD-FRDS/A.Perfect.Planet.S01SP.Make.A.Prefect.Planet.2160p.UHD.BluRay.x265.HDR.TrueHD.Atmos.mUHD-FRDS.mkv"
"The.Wolverine.2013.BluRay.1080p.x265.10bit.2Audio.MNHD-FRDS.mkv",4974501408,4.63,True,"/Volumes/Media_Lib/Movies/0-X战警合集/金刚狼2.The.Wolverine.2013.BluRay.1080p.x265.10bit.2Audio.MNHD-FRDS/The.Wolverine.2013.BluRay.1080p.x265.10bit.2Audio.MNHD-FRDS.mkv","/Volumes/Media_Lib-1/金刚狼2.The.Wolverine.2013.BluRay.1080p.x265.10bit.2Audio.MNHD-FRDS/The.Wolverine.2013.BluRay.1080p.x265.10bit.2Audio.MNHD-FRDS.mkv"
"Our.Planet.2019.S02E02.Chapter.2.Following.the.Sun.2160p.NF.WEB-DL.DDP5.1.Atmos.DV.HDR.H.265-FLUX.mkv",4855162816,4.52,True,"/Volumes/Media_Lib/Documentary/Our.Planet.2019.S02.2160p.NF.WEB-DL.DDP5.1.Atmos.DV.HDR.H.265-FLUX/Our.Planet.2019.S02E02.Chapter.2.Following.the.Sun.2160p.NF.WEB-DL.DDP5.1.Atmos.DV.HDR.H.265-FLUX.mkv","/Volumes/Media_Lib-1/Our.Planet.2019.S02.2160p.NF.WEB-DL.DDP5.1.Atmos.DV.HDR.H.265-FLUX/Our.Planet.2019.S02E02.Chapter.2.Following.the.Sun.2160p.NF.WEB-DL.DDP5.1.Atmos.DV.HDR.H.265-FLUX.mkv"
"The.Pacific.E10.2010.1080p.Blu-ray.x265.10bit.AC3￡cXcY@FRDS.mkv",4546094438,4.23,True,"/Volumes/Media_Lib/TV-Series/太平洋战争.The.Pacific.E01-E10+SP.201.1080p.Blu-ray.x265.AC3￡cXcY@FRDS/The.Pacific.E10.2010.1080p.Blu-ray.x265.10bit.AC3￡cXcY@FRDS.mkv","/Volumes/Media_Lib-1/太平洋战争.The.Pacific.E01-E10+SP.201.1080p.Blu-ray.x265.AC3￡cXcY@FRDS/The.Pacific.E10.2010.1080p.Blu-ray.x265.10bit.AC3￡cXcY@FRDS.mkv"
"Drishyam.2.2022.1080p.HINDI.AMZN.10bit.DDP.5.1.x265.mkv",4343514444,4.05,True,"/Volumes/Media_Lib/Movies/误杀瞒天记2.Drishyam.2.2022.1080p.HINDI.AMZN.10bit.DDP.5.1.x265/Drishyam.2.2022.1080p.HINDI.AMZN.10bit.DDP.5.1.x265.mkv","/Volumes/Media_Lib-1/误杀瞒天记2.Drishyam.2.2022.1080p.HINDI.AMZN.10bit.DDP.5.1.x265/Drishyam.2.2022.1080p.HINDI.AMZN.10bit.DDP.5.1.x265.mkv"
"The.Pacific.E09.2010.1080p.Blu-ray.x265.10bit.AC3￡cXcY@FRDS.mkv",4297769938,4.00,True,"/Volumes/Media_Lib/TV-Series/太平洋战争.The.Pacific.E01-E10+SP.201.1080p.Blu-ray.x265.AC3￡cXcY@FRDS/The.Pacific.E09.2010.1080p.Blu-ray.x265.10bit.AC3￡cXcY@FRDS.mkv","/Volumes/Media_Lib-1/太平洋战争.The.Pacific.E01-E10+SP.201.1080p.Blu-ray.x265.AC3￡cXcY@FRDS/The.Pacific.E09.2010.1080p.Blu-ray.x265.10bit.AC3￡cXcY@FRDS.mkv"
"The.Pacific.E08.2010.1080p.Blu-ray.x265.10bit.AC3￡cXcY@FRDS.mkv",4230988572,3.94,True,"/Volumes/Media_Lib/TV-Series/太平洋战争.The.Pacific.E01-E10+SP.201.1080p.Blu-ray.x265.AC3￡cXcY@FRDS/The.Pacific.E08.2010.1080p.Blu-ray.x265.10bit.AC3￡cXcY@FRDS.mkv","/Volumes/Media_Lib-1/太平洋战争.The.Pacific.E01-E10+SP.201.1080p.Blu-ray.x265.AC3￡cXcY@FRDS/The.Pacific.E08.2010.1080p.Blu-ray.x265.10bit.AC3￡cXcY@FRDS.mkv"
"The.Pacific.E03.2010.1080p.Blu-ray.x265.10bit.AC3￡cXcY@FRDS.mkv",4193095546,3.91,True,"/Volumes/Media_Lib/TV-Series/太平洋战争.The.Pacific.E01-E10+SP.201.1080p.Blu-ray.x265.AC3￡cXcY@FRDS/The.Pacific.E03.2010.1080p.Blu-ray.x265.10bit.AC3￡cXcY@FRDS.mkv","/Volumes/Media_Lib-1/太平洋战争.The.Pacific.E01-E10+SP.201.1080p.Blu-ray.x265.AC3￡cXcY@FRDS/The.Pacific.E03.2010.1080p.Blu-ray.x265.10bit.AC3￡cXcY@FRDS.mkv"
"网络迷踪2.2023.1080p.H264.mp4",4043510539,3.77,True,"/Volumes/Media_Lib/Movies/0-Latest Movies/网络迷踪2.2023.1080p.H264.mp4","/Volumes/Media_Lib-1/网络迷踪2.2023.1080p.H264.mp4"
"The.Pacific.E01.2010.1080p.Blu-ray.x265.10bit.AC3￡cXcY@FRDS.mkv",3937788687,3.67,True,"/Volumes/Media_Lib/TV-Series/太平洋战争.The.Pacific.E01-E10+SP.201.1080p.Blu-ray.x265.AC3￡cXcY@FRDS/The.Pacific.E01.2010.1080p.Blu-ray.x265.10bit.AC3￡cXcY@FRDS.mkv","/Volumes/Media_Lib-1/太平洋战争.The.Pacific.E01-E10+SP.201.1080p.Blu-ray.x265.AC3￡cXcY@FRDS/The.Pacific.E01.2010.1080p.Blu-ray.x265.10bit.AC3￡cXcY@FRDS.mkv"
"The.Pacific.E02.2010.1080p.Blu-ray.x265.10bit.AC3￡cXcY@FRDS.mkv",3802418655,3.54,True,"/Volumes/Media_Lib/TV-Series/太平洋战争.The.Pacific.E01-E10+SP.201.1080p.Blu-ray.x265.AC3￡cXcY@FRDS/The.Pacific.E02.2010.1080p.Blu-ray.x265.10bit.AC3￡cXcY@FRDS.mkv","/Volumes/Media_Lib-1/太平洋战争.The.Pacific.E01-E10+SP.201.1080p.Blu-ray.x265.AC3￡cXcY@FRDS/The.Pacific.E02.2010.1080p.Blu-ray.x265.10bit.AC3￡cXcY@FRDS.mkv"
"The.Pacific.E04.2010.1080p.Blu-ray.x265.10bit.AC3￡cXcY@FRDS.mkv",3801341153,3.54,True,"/Volumes/Media_Lib/TV-Series/太平洋战争.The.Pacific.E01-E10+SP.201.1080p.Blu-ray.x265.AC3￡cXcY@FRDS/The.Pacific.E04.2010.1080p.Blu-ray.x265.10bit.AC3￡cXcY@FRDS.mkv","/Volumes/Media_Lib-1/太平洋战争.The.Pacific.E01-E10+SP.201.1080p.Blu-ray.x265.AC3￡cXcY@FRDS/The.Pacific.E04.2010.1080p.Blu-ray.x265.10bit.AC3￡cXcY@FRDS.mkv"
"The.Pacific.E07.2010.1080p.Blu-ray.x265.10bit.AC3￡cXcY@FRDS.mkv",3798304563,3.54,True,"/Volumes/Media_Lib/TV-Series/太平洋战争.The.Pacific.E01-E10+SP.201.1080p.Blu-ray.x265.AC3￡cXcY@FRDS/The.Pacific.E07.2010.1080p.Blu-ray.x265.10bit.AC3￡cXcY@FRDS.mkv","/Volumes/Media_Lib-1/太平洋战争.The.Pacific.E01-E10+SP.201.1080p.Blu-ray.x265.AC3￡cXcY@FRDS/The.Pacific.E07.2010.1080p.Blu-ray.x265.10bit.AC3￡cXcY@FRDS.mkv"
"The.Pacific.E06.2010.1080p.Blu-ray.x265.10bit.AC3￡cXcY@FRDS.mkv",3760982499,3.50,True,"/Volumes/Media_Lib/TV-Series/太平洋战争.The.Pacific.E01-E10+SP.201.1080p.Blu-ray.x265.AC3￡cXcY@FRDS/The.Pacific.E06.2010.1080p.Blu-ray.x265.10bit.AC3￡cXcY@FRDS.mkv","/Volumes/Media_Lib-1/太平洋战争.The.Pacific.E01-E10+SP.201.1080p.Blu-ray.x265.AC3￡cXcY@FRDS/The.Pacific.E06.2010.1080p.Blu-ray.x265.10bit.AC3￡cXcY@FRDS.mkv"
"The.Pacific.E05.2010.1080p.Blu-ray.x265.10bit.AC3￡cXcY@FRDS.mkv",3736316887,3.48,True,"/Volumes/Media_Lib/TV-Series/太平洋战争.The.Pacific.E01-E10+SP.201.1080p.Blu-ray.x265.AC3￡cXcY@FRDS/The.Pacific.E05.2010.1080p.Blu-ray.x265.10bit.AC3￡cXcY@FRDS.mkv","/Volumes/Media_Lib-1/太平洋战争.The.Pacific.E01-E10+SP.201.1080p.Blu-ray.x265.AC3￡cXcY@FRDS/The.Pacific.E05.2010.1080p.Blu-ray.x265.10bit.AC3￡cXcY@FRDS.mkv"
"人民的名义 49.mp4",3034509233,2.83,True,"/Volumes/Media_Lib/TV-Series/2017.人民的名义.55集全.1080p/人民的名义 49.mp4","/Volumes/Media_Lib-1/2017.人民的名义.55集全.1080p/人民的名义 49.mp4"
"人民的名义 05.mp4",2931426525,2.73,True,"/Volumes/Media_Lib/TV-Series/2017.人民的名义.55集全.1080p/人民的名义 05.mp4","/Volumes/Media_Lib-1/2017.人民的名义.55集全.1080p/人民的名义 05.mp4"
"人民的名义 18.mp4",2912056196,2.71,True,"/Volumes/Media_Lib/TV-Series/2017.人民的名义.55集全.1080p/人民的名义 18.mp4","/Volumes/Media_Lib-1/2017.人民的名义.55集全.1080p/人民的名义 18.mp4"
"人民的名义 28.mp4",2895240328,2.70,True,"/Volumes/Media_Lib/TV-Series/2017.人民的名义.55集全.1080p/人民的名义 28.mp4","/Volumes/Media_Lib-1/2017.人民的名义.55集全.1080p/人民的名义 28.mp4"
"人民的名义 10.mp4",2860217088,2.66,True,"/Volumes/Media_Lib/TV-Series/2017.人民的名义.55集全.1080p/人民的名义 10.mp4","/Volumes/Media_Lib-1/2017.人民的名义.55集全.1080p/人民的名义 10.mp4"
"人民的名义 53.mp4",2770399331,2.58,True,"/Volumes/Media_Lib/TV-Series/2017.人民的名义.55集全.1080p/人民的名义 53.mp4","/Volumes/Media_Lib-1/2017.人民的名义.55集全.1080p/人民的名义 53.mp4"
"人民的名义 04.mp4",2675412163,2.49,True,"/Volumes/Media_Lib/TV-Series/2017.人民的名义.55集全.1080p/人民的名义 04.mp4","/Volumes/Media_Lib-1/2017.人民的名义.55集全.1080p/人民的名义 04.mp4"
"33.惊噩耗黛玉魂归.A.Dream.in.Red.Mansions.1987.E33.2160p.WEB-DL.H264.AAC-HDPTWeb.mp4",2620179888,2.44,True,"/Volumes/Media_Lib/TV-Series/红楼梦.A.Dream.in.Red.Mansions.1987.2160p.WEB-DL.H264.AAC-HDPTWeb/33.惊噩耗黛玉魂归.A.Dream.in.Red.Mansions.1987.E33.2160p.WEB-DL.H264.AAC-HDPTWeb.mp4","/Volumes/Media_Lib-1/【4K修复】红楼梦.A.Dream.in.Red.Mansions.1987.2160p.WEB-DL.H264.AAC-HDPTWeb/33.惊噩耗黛玉魂归.A.Dream.in.Red.Mansions.1987.E33.2160p.WEB-DL.H264.AAC-HDPTWeb.mp4"
"人民的名义 23.mp4",2612280979,2.43,True,"/Volumes/Media_Lib/TV-Series/2017.人民的名义.55集全.1080p/人民的名义 23.mp4","/Volumes/Media_Lib-1/2017.人民的名义.55集全.1080p/人民的名义 23.mp4"
"人民的名义 06.mp4",2610629205,2.43,True,"/Volumes/Media_Lib/TV-Series/2017.人民的名义.55集全.1080p/人民的名义 06.mp4","/Volumes/Media_Lib-1/2017.人民的名义.55集全.1080p/人民的名义 06.mp4"
"人民的名义 44.mp4",2610038137,2.43,True,"/Volumes/Media_Lib/TV-Series/2017.人民的名义.55集全.1080p/人民的名义 44.mp4","/Volumes/Media_Lib-1/2017.人民的名义.55集全.1080p/人民的名义 44.mp4"
"人民的名义 08.mp4",2592874131,2.41,True,"/Volumes/Media_Lib/TV-Series/2017.人民的名义.55集全.1080p/人民的名义 08.mp4","/Volumes/Media_Lib-1/2017.人民的名义.55集全.1080p/人民的名义 08.mp4"
"25.贾二舍偷娶尤二姨.A.Dream.in.Red.Mansions.1987.E25.2160p.WEB-DL.H264.AAC-HDPTWeb.mp4",2545571928,2.37,True,"/Volumes/Media_Lib/TV-Series/红楼梦.A.Dream.in.Red.Mansions.1987.2160p.WEB-DL.H264.AAC-HDPTWeb/25.贾二舍偷娶尤二姨.A.Dream.in.Red.Mansions.1987.E25.2160p.WEB-DL.H264.AAC-HDPTWeb.mp4","/Volumes/Media_Lib-1/【4K修复】红楼梦.A.Dream.in.Red.Mansions.1987.2160p.WEB-DL.H264.AAC-HDPTWeb/25.贾二舍偷娶尤二姨.A.Dream.in.Red.Mansions.1987.E25.2160p.WEB-DL.H264.AAC-HDPTWeb.mp4"
"人民的名义 01.mp4",2510375751,2.34,True,"/Volumes/Media_Lib/TV-Series/2017.人民的名义.55集全.1080p/人民的名义 01.mp4","/Volumes/Media_Lib-1/2017.人民的名义.55集全.1080p/人民的名义 01.mp4"
"人民的名义 48.mp4",2490415007,2.32,True,"/Volumes/Media_Lib/TV-Series/2017.人民的名义.55集全.1080p/人民的名义 48.mp4","/Volumes/Media_Lib-1/2017.人民的名义.55集全.1080p/人民的名义 48.mp4"
"人民的名义 17.mp4",2479429386,2.31,True,"/Volumes/Media_Lib/TV-Series/2017.人民的名义.55集全.1080p/人民的名义 17.mp4","/Volumes/Media_Lib-1/2017.人民的名义.55集全.1080p/人民的名义 17.mp4"
"人民的名义 29.mp4",2461207976,2.29,True,"/Volumes/Media_Lib/TV-Series/2017.人民的名义.55集全.1080p/人民的名义 29.mp4","/Volumes/Media_Lib-1/2017.人民的名义.55集全.1080p/人民的名义 29.mp4"
"26.酸凤姐大闹宁国府.A.Dream.in.Red.Mansions.1987.E26.2160p.WEB-DL.H264.AAC-HDPTWeb.mp4",2442066345,2.27,True,"/Volumes/Media_Lib/TV-Series/红楼梦.A.Dream.in.Red.Mansions.1987.2160p.WEB-DL.H264.AAC-HDPTWeb/26.酸凤姐大闹宁国府.A.Dream.in.Red.Mansions.1987.E26.2160p.WEB-DL.H264.AAC-HDPTWeb.mp4","/Volumes/Media_Lib-1/【4K修复】红楼梦.A.Dream.in.Red.Mansions.1987.2160p.WEB-DL.H264.AAC-HDPTWeb/26.酸凤姐大闹宁国府.A.Dream.in.Red.Mansions.1987.E26.2160p.WEB-DL.H264.AAC-HDPTWeb.mp4"
"人民的名义 30.mp4",2439983931,2.27,True,"/Volumes/Media_Lib/TV-Series/2017.人民的名义.55集全.1080p/人民的名义 30.mp4","/Volumes/Media_Lib-1/2017.人民的名义.55集全.1080p/人民的名义 30.mp4"
"人民的名义 40.mp4",2399850969,2.24,True,"/Volumes/Media_Lib/TV-Series/2017.人民的名义.55集全.1080p/人民的名义 40.mp4","/Volumes/Media_Lib-1/2017.人民的名义.55集全.1080p/人民的名义 40.mp4"
"18.鸳鸯女誓绝鸳鸯偶.A.Dream.in.Red.Mansions.1987.E18.2160p.WEB-DL.H264.AAC-HDPTWeb.mp4",2391809057,2.23,True,"/Volumes/Media_Lib/TV-Series/红楼梦.A.Dream.in.Red.Mansions.1987.2160p.WEB-DL.H264.AAC-HDPTWeb/18.鸳鸯女誓绝鸳鸯偶.A.Dream.in.Red.Mansions.1987.E18.2160p.WEB-DL.H264.AAC-HDPTWeb.mp4","/Volumes/Media_Lib-1/【4K修复】红楼梦.A.Dream.in.Red.Mansions.1987.2160p.WEB-DL.H264.AAC-HDPTWeb/18.鸳鸯女誓绝鸳鸯偶.A.Dream.in.Red.Mansions.1987.E18.2160p.WEB-DL.H264.AAC-HDPTWeb.mp4"
"人民的名义 36.mp4",2385797574,2.22,True,"/Volumes/Media_Lib/TV-Series/2017.人民的名义.55集全.1080p/人民的名义 36.mp4","/Volumes/Media_Lib-1/2017.人民的名义.55集全.1080p/人民的名义 36.mp4"
"21.荣国府元宵开夜宴.A.Dream.in.Red.Mansions.1987.E21.2160p.WEB-DL.H264.AAC-HDPTWeb.mp4",2360672363,2.20,True,"/Volumes/Media_Lib/TV-Series/红楼梦.A.Dream.in.Red.Mansions.1987.2160p.WEB-DL.H264.AAC-HDPTWeb/21.荣国府元宵开夜宴.A.Dream.in.Red.Mansions.1987.E21.2160p.WEB-DL.H264.AAC-HDPTWeb.mp4","/Volumes/Media_Lib-1/【4K修复】红楼梦.A.Dream.in.Red.Mansions.1987.2160p.WEB-DL.H264.AAC-HDPTWeb/21.荣国府元宵开夜宴.A.Dream.in.Red.Mansions.1987.E21.2160p.WEB-DL.H264.AAC-HDPTWeb.mp4"
"人民的名义 50.mp4",2358406065,2.20,True,"/Volumes/Media_Lib/TV-Series/2017.人民的名义.55集全.1080p/人民的名义 50.mp4","/Volumes/Media_Lib-1/2017.人民的名义.55集全.1080p/人民的名义 50.mp4"
"人民的名义 02.mp4",2351540339,2.19,True,"/Volumes/Media_Lib/TV-Series/2017.人民的名义.55集全.1080p/人民的名义 02.mp4","/Volumes/Media_Lib-1/2017.人民的名义.55集全.1080p/人民的名义 02.mp4"
"人民的名义 20.mp4",2342406120,2.18,True,"/Volumes/Media_Lib/TV-Series/2017.人民的名义.55集全.1080p/人民的名义 20.mp4","/Volumes/Media_Lib-1/2017.人民的名义.55集全.1080p/人民的名义 20.mp4"
"12.埋香家飞燕泣残红.A.Dream.in.Red.Mansions.1987.E12.2160p.WEB-DL.H264.AAC-HDPTWeb.mp4",2333084218,2.17,True,"/Volumes/Media_Lib/TV-Series/红楼梦.A.Dream.in.Red.Mansions.1987.2160p.WEB-DL.H264.AAC-HDPTWeb/12.埋香家飞燕泣残红.A.Dream.in.Red.Mansions.1987.E12.2160p.WEB-DL.H264.AAC-HDPTWeb.mp4","/Volumes/Media_Lib-1/【4K修复】红楼梦.A.Dream.in.Red.Mansions.1987.2160p.WEB-DL.H264.AAC-HDPTWeb/12.埋香家飞燕泣残红.A.Dream.in.Red.Mansions.1987.E12.2160p.WEB-DL.H264.AAC-HDPTWeb.mp4"
"人民的名义 25.mp4",2308102540,2.15,True,"/Volumes/Media_Lib/TV-Series/2017.人民的名义.55集全.1080p/人民的名义 25.mp4","/Volumes/Media_Lib-1/2017.人民的名义.55集全.1080p/人民的名义 25.mp4"
"人民的名义 03.mp4",2301788135,2.14,True,"/Volumes/Media_Lib/TV-Series/2017.人民的名义.55集全.1080p/人民的名义 03.mp4","/Volumes/Media_Lib-1/2017.人民的名义.55集全.1080p/人民的名义 03.mp4"
"人民的名义 26.mp4",2294305797,2.14,True,"/Volumes/Media_Lib/TV-Series/2017.人民的名义.55集全.1080p/人民的名义 26.mp4","/Volumes/Media_Lib-1/2017.人民的名义.55集全.1080p/人民的名义 26.mp4"
"人民的名义 13.mp4",2293686196,2.14,True,"/Volumes/Media_Lib/TV-Series/2017.人民的名义.55集全.1080p/人民的名义 13.mp4","/Volumes/Media_Lib-1/2017.人民的名义.55集全.1080p/人民的名义 13.mp4"
"人民的名义 35.mp4",2289550406,2.13,True,"/Volumes/Media_Lib/TV-Series/2017.人民的名义.55集全.1080p/人民的名义 35.mp4","/Volumes/Media_Lib-1/2017.人民的名义.55集全.1080p/人民的名义 35.mp4"
"人民的名义 14.mp4",2283198477,2.13,True,"/Volumes/Media_Lib/TV-Series/2017.人民的名义.55集全.1080p/人民的名义 14.mp4","/Volumes/Media_Lib-1/2017.人民的名义.55集全.1080p/人民的名义 14.mp4"
"人民的名义 34.mp4",2280177874,2.12,True,"/Volumes/Media_Lib/TV-Series/2017.人民的名义.55集全.1080p/人民的名义 34.mp4","/Volumes/Media_Lib-1/2017.人民的名义.55集全.1080p/人民的名义 34.mp4"
"人民的名义 39.mp4",2279456225,2.12,True,"/Volumes/Media_Lib/TV-Series/2017.人民的名义.55集全.1080p/人民的名义 39.mp4","/Volumes/Media_Lib-1/2017.人民的名义.55集全.1080p/人民的名义 39.mp4"
"人民的名义 24.mp4",2279381300,2.12,True,"/Volumes/Media_Lib/TV-Series/2017.人民的名义.55集全.1080p/人民的名义 24.mp4","/Volumes/Media_Lib-1/2017.人民的名义.55集全.1080p/人民的名义 24.mp4"
"人民的名义 21.mp4",2270723757,2.11,True,"/Volumes/Media_Lib/TV-Series/2017.人民的名义.55集全.1080p/人民的名义 21.mp4","/Volumes/Media_Lib-1/2017.人民的名义.55集全.1080p/人民的名义 21.mp4"
"人民的名义 46.mp4",2264424874,2.11,True,"/Volumes/Media_Lib/TV-Series/2017.人民的名义.55集全.1080p/人民的名义 46.mp4","/Volumes/Media_Lib-1/2017.人民的名义.55集全.1080p/人民的名义 46.mp4"
"27.嫌隙人有心生嫌隙.A.Dream.in.Red.Mansions.1987.E27.2160p.WEB-DL.H264.AAC-HDPTWeb.mp4",2261913788,2.11,True,"/Volumes/Media_Lib/TV-Series/红楼梦.A.Dream.in.Red.Mansions.1987.2160p.WEB-DL.H264.AAC-HDPTWeb/27.嫌隙人有心生嫌隙.A.Dream.in.Red.Mansions.1987.E27.2160p.WEB-DL.H264.AAC-HDPTWeb.mp4","/Volumes/Media_Lib-1/【4K修复】红楼梦.A.Dream.in.Red.Mansions.1987.2160p.WEB-DL.H264.AAC-HDPTWeb/27.嫌隙人有心生嫌隙.A.Dream.in.Red.Mansions.1987.E27.2160p.WEB-DL.H264.AAC-HDPTWeb.mp4"
"人民的名义 52.mp4",2256989805,2.10,True,"/Volumes/Media_Lib/TV-Series/2017.人民的名义.55集全.1080p/人民的名义 52.mp4","/Volumes/Media_Lib-1/2017.人民的名义.55集全.1080p/人民的名义 52.mp4"
"人民的名义 27.mp4",2236885944,2.08,True,"/Volumes/Media_Lib/TV-Series/2017.人民的名义.55集全.1080p/人民的名义 27.mp4","/Volumes/Media_Lib-1/2017.人民的名义.55集全.1080p/人民的名义 27.mp4"
"人民的名义 38.mp4",2225591049,2.07,True,"/Volumes/Media_Lib/TV-Series/2017.人民的名义.55集全.1080p/人民的名义 38.mp4","/Volumes/Media_Lib-1/2017.人民的名义.55集全.1080p/人民的名义 38.mp4"
"14.含耻辱情烈死金钏.A.Dream.in.Red.Mansions.1987.E14.2160p.WEB-DL.H264.AAC-HDPTWeb.mp4",2223972042,2.07,True,"/Volumes/Media_Lib/TV-Series/红楼梦.A.Dream.in.Red.Mansions.1987.2160p.WEB-DL.H264.AAC-HDPTWeb/14.含耻辱情烈死金钏.A.Dream.in.Red.Mansions.1987.E14.2160p.WEB-DL.H264.AAC-HDPTWeb.mp4","/Volumes/Media_Lib-1/【4K修复】红楼梦.A.Dream.in.Red.Mansions.1987.2160p.WEB-DL.H264.AAC-HDPTWeb/14.含耻辱情烈死金钏.A.Dream.in.Red.Mansions.1987.E14.2160p.WEB-DL.H264.AAC-HDPTWeb.mp4"
"17.变生不测凤姐泼醋.A.Dream.in.Red.Mansions.1987.E17.2160p.WEB-DL.H264.AAC-HDPTWeb.mp4",2221909314,2.07,True,"/Volumes/Media_Lib/TV-Series/红楼梦.A.Dream.in.Red.Mansions.1987.2160p.WEB-DL.H264.AAC-HDPTWeb/17.变生不测凤姐泼醋.A.Dream.in.Red.Mansions.1987.E17.2160p.WEB-DL.H264.AAC-HDPTWeb.mp4","/Volumes/Media_Lib-1/【4K修复】红楼梦.A.Dream.in.Red.Mansions.1987.2160p.WEB-DL.H264.AAC-HDPTWeb/17.变生不测凤姐泼醋.A.Dream.in.Red.Mansions.1987.E17.2160p.WEB-DL.H264.AAC-HDPTWeb.mp4"
"人民的名义 07.mp4",2208017617,2.06,True,"/Volumes/Media_Lib/TV-Series/2017.人民的名义.55集全.1080p/人民的名义 07.mp4","/Volumes/Media_Lib-1/2017.人民的名义.55集全.1080p/人民的名义 07.mp4"
"人民的名义 51.mp4",2188189387,2.04,True,"/Volumes/Media_Lib/TV-Series/2017.人民的名义.55集全.1080p/人民的名义 51.mp4","/Volumes/Media_Lib-1/2017.人民的名义.55集全.1080p/人民的名义 51.mp4"
"人民的名义 11.mp4",2185814217,2.04,True,"/Volumes/Media_Lib/TV-Series/2017.人民的名义.55集全.1080p/人民的名义 11.mp4","/Volumes/Media_Lib-1/2017.人民的名义.55集全.1080p/人民的名义 11.mp4"
"人民的名义 22.mp4",2169024333,2.02,True,"/Volumes/Media_Lib/TV-Series/2017.人民的名义.55集全.1080p/人民的名义 22.mp4","/Volumes/Media_Lib-1/2017.人民的名义.55集全.1080p/人民的名义 22.mp4"
"人民的名义 47.mp4",2142672520,2.00,True,"/Volumes/Media_Lib/TV-Series/2017.人民的名义.55集全.1080p/人民的名义 47.mp4","/Volumes/Media_Lib-1/2017.人民的名义.55集全.1080p/人民的名义 47.mp4"
"人民的名义 37.mp4",2135379999,1.99,True,"/Volumes/Media_Lib/TV-Series/2017.人民的名义.55集全.1080p/人民的名义 37.mp4","/Volumes/Media_Lib-1/2017.人民的名义.55集全.1080p/人民的名义 37.mp4"
"人民的名义 45.mp4",2126931553,1.98,True,"/Volumes/Media_Lib/TV-Series/2017.人民的名义.55集全.1080p/人民的名义 45.mp4","/Volumes/Media_Lib-1/2017.人民的名义.55集全.1080p/人民的名义 45.mp4"
"16.刘姥姥嬉游大观园.A.Dream.in.Red.Mansions.1987.E16.2160p.WEB-DL.H264.AAC-HDPTWeb.mp4",2118414327,1.97,True,"/Volumes/Media_Lib/TV-Series/红楼梦.A.Dream.in.Red.Mansions.1987.2160p.WEB-DL.H264.AAC-HDPTWeb/16.刘姥姥嬉游大观园.A.Dream.in.Red.Mansions.1987.E16.2160p.WEB-DL.H264.AAC-HDPTWeb.mp4","/Volumes/Media_Lib-1/【4K修复】红楼梦.A.Dream.in.Red.Mansions.1987.2160p.WEB-DL.H264.AAC-HDPTWeb/16.刘姥姥嬉游大观园.A.Dream.in.Red.Mansions.1987.E16.2160p.WEB-DL.H264.AAC-HDPTWeb.mp4"
"人民的名义 41.mp4",2099440021,1.96,True,"/Volumes/Media_Lib/TV-Series/2017.人民的名义.55集全.1080p/人民的名义 41.mp4","/Volumes/Media_Lib-1/2017.人民的名义.55集全.1080p/人民的名义 41.mp4"
"人民的名义 19.mp4",2085547611,1.94,True,"/Volumes/Media_Lib/TV-Series/2017.人民的名义.55集全.1080p/人民的名义 19.mp4","/Volumes/Media_Lib-1/2017.人民的名义.55集全.1080p/人民的名义 19.mp4"
"人民的名义 54.mp4",2083889667,1.94,True,"/Volumes/Media_Lib/TV-Series/2017.人民的名义.55集全.1080p/人民的名义 54.mp4","/Volumes/Media_Lib-1/2017.人民的名义.55集全.1080p/人民的名义 54.mp4"
"人民的名义 32.mp4",2076657627,1.93,True,"/Volumes/Media_Lib/TV-Series/2017.人民的名义.55集全.1080p/人民的名义 32.mp4","/Volumes/Media_Lib-1/2017.人民的名义.55集全.1080p/人民的名义 32.mp4"
"人民的名义 31.mp4",2072588126,1.93,True,"/Volumes/Media_Lib/TV-Series/2017.人民的名义.55集全.1080p/人民的名义 31.mp4","/Volumes/Media_Lib-1/2017.人民的名义.55集全.1080p/人民的名义 31.mp4"
"32.伤离别探春远嫁.A.Dream.in.Red.Mansions.1987.E32.2160p.WEB-DL.H264.AAC-HDPTWeb.mp4",2060391413,1.92,True,"/Volumes/Media_Lib/TV-Series/红楼梦.A.Dream.in.Red.Mansions.1987.2160p.WEB-DL.H264.AAC-HDPTWeb/32.伤离别探春远嫁.A.Dream.in.Red.Mansions.1987.E32.2160p.WEB-DL.H264.AAC-HDPTWeb.mp4","/Volumes/Media_Lib-1/【4K修复】红楼梦.A.Dream.in.Red.Mansions.1987.2160p.WEB-DL.H264.AAC-HDPTWeb/32.伤离别探春远嫁.A.Dream.in.Red.Mansions.1987.E32.2160p.WEB-DL.H264.AAC-HDPTWeb.mp4"
"人民的名义 09.mp4",2033095249,1.89,True,"/Volumes/Media_Lib/TV-Series/2017.人民的名义.55集全.1080p/人民的名义 09.mp4","/Volumes/Media_Lib-1/2017.人民的名义.55集全.1080p/人民的名义 09.mp4"
"13.享福人福深还祷福.A.Dream.in.Red.Mansions.1987.E13.2160p.WEB-DL.H264.AAC-HDPTWeb.mp4",2026337259,1.89,True,"/Volumes/Media_Lib/TV-Series/红楼梦.A.Dream.in.Red.Mansions.1987.2160p.WEB-DL.H264.AAC-HDPTWeb/13.享福人福深还祷福.A.Dream.in.Red.Mansions.1987.E13.2160p.WEB-DL.H264.AAC-HDPTWeb.mp4","/Volumes/Media_Lib-1/【4K修复】红楼梦.A.Dream.in.Red.Mansions.1987.2160p.WEB-DL.H264.AAC-HDPTWeb/13.享福人福深还祷福.A.Dream.in.Red.Mansions.1987.E13.2160p.WEB-DL.H264.AAC-HDPTWeb.mp4"
"人民的名义 16.mp4",2025868589,1.89,True,"/Volumes/Media_Lib/TV-Series/2017.人民的名义.55集全.1080p/人民的名义 16.mp4","/Volumes/Media_Lib-1/2017.人民的名义.55集全.1080p/人民的名义 16.mp4"
"人民的名义 12.mp4",2024445216,1.89,True,"/Volumes/Media_Lib/TV-Series/2017.人民的名义.55集全.1080p/人民的名义 12.mp4","/Volumes/Media_Lib-1/2017.人民的名义.55集全.1080p/人民的名义 12.mp4"
"19.琉璃世界白雪红梅.A.Dream.in.Red.Mansions.1987.E19.2160p.WEB-DL.H264.AAC-HDPTWeb.mp4",2021885201,1.88,True,"/Volumes/Media_Lib/TV-Series/红楼梦.A.Dream.in.Red.Mansions.1987.2160p.WEB-DL.H264.AAC-HDPTWeb/19.琉璃世界白雪红梅.A.Dream.in.Red.Mansions.1987.E19.2160p.WEB-DL.H264.AAC-HDPTWeb.mp4","/Volumes/Media_Lib-1/【4K修复】红楼梦.A.Dream.in.Red.Mansions.1987.2160p.WEB-DL.H264.AAC-HDPTWeb/19.琉璃世界白雪红梅.A.Dream.in.Red.Mansions.1987.E19.2160p.WEB-DL.H264.AAC-HDPTWeb.mp4"
"人民的名义 43.mp4",2013254733,1.87,True,"/Volumes/Media_Lib/TV-Series/2017.人民的名义.55集全.1080p/人民的名义 43.mp4","/Volumes/Media_Lib-1/2017.人民的名义.55集全.1080p/人民的名义 43.mp4"
"24.寿怡红群芳开夜宴.A.Dream.in.Red.Mansions.1987.E24.2160p.WEB-DL.H264.AAC-HDPTWeb.mp4",1984037557,1.85,True,"/Volumes/Media_Lib/TV-Series/红楼梦.A.Dream.in.Red.Mansions.1987.2160p.WEB-DL.H264.AAC-HDPTWeb/24.寿怡红群芳开夜宴.A.Dream.in.Red.Mansions.1987.E24.2160p.WEB-DL.H264.AAC-HDPTWeb.mp4","/Volumes/Media_Lib-1/【4K修复】红楼梦.A.Dream.in.Red.Mansions.1987.2160p.WEB-DL.H264.AAC-HDPTWeb/24.寿怡红群芳开夜宴.A.Dream.in.Red.Mansions.1987.E24.2160p.WEB-DL.H264.AAC-HDPTWeb.mp4"
"28.开夜宴异兆发悲音.A.Dream.in.Red.Mansions.1987.E28.2160p.WEB-DL.H264.AAC-HDPTWeb.mp4",1979029839,1.84,True,"/Volumes/Media_Lib/TV-Series/红楼梦.A.Dream.in.Red.Mansions.1987.2160p.WEB-DL.H264.AAC-HDPTWeb/28.开夜宴异兆发悲音.A.Dream.in.Red.Mansions.1987.E28.2160p.WEB-DL.H264.AAC-HDPTWeb.mp4","/Volumes/Media_Lib-1/【4K修复】红楼梦.A.Dream.in.Red.Mansions.1987.2160p.WEB-DL.H264.AAC-HDPTWeb/28.开夜宴异兆发悲音.A.Dream.in.Red.Mansions.1987.E28.2160p.WEB-DL.H264.AAC-HDPTWeb.mp4"
"人民的名义 15.mp4",1954223138,1.82,True,"/Volumes/Media_Lib/TV-Series/2017.人民的名义.55集全.1080p/人民的名义 15.mp4","/Volumes/Media_Lib-1/2017.人民的名义.55集全.1080p/人民的名义 15.mp4"
"人民的名义 33.mp4",1929682607,1.80,True,"/Volumes/Media_Lib/TV-Series/2017.人民的名义.55集全.1080p/人民的名义 33.mp4","/Volumes/Media_Lib-1/2017.人民的名义.55集全.1080p/人民的名义 33.mp4"
"人民的名义 42.mp4",1879192002,1.75,True,"/Volumes/Media_Lib/TV-Series/2017.人民的名义.55集全.1080p/人民的名义 42.mp4","/Volumes/Media_Lib-1/2017.人民的名义.55集全.1080p/人民的名义 42.mp4"
"31.家宅乱误窃通灵.A.Dream.in.Red.Mansions.1987.E31.2160p.WEB-DL.H264.AAC-HDPTWeb.mp4",1856814600,1.73,True,"/Volumes/Media_Lib/TV-Series/红楼梦.A.Dream.in.Red.Mansions.1987.2160p.WEB-DL.H264.AAC-HDPTWeb/31.家宅乱误窃通灵.A.Dream.in.Red.Mansions.1987.E31.2160p.WEB-DL.H264.AAC-HDPTWeb.mp4","/Volumes/Media_Lib-1/【4K修复】红楼梦.A.Dream.in.Red.Mansions.1987.2160p.WEB-DL.H264.AAC-HDPTWeb/31.家宅乱误窃通灵.A.Dream.in.Red.Mansions.1987.E31.2160p.WEB-DL.H264.AAC-HDPTWeb.mp4"
"06.王熙凤协理宁国府.A.Dream.in.Red.Mansions.1987.E06.2160p.WEB-DL.H264.AAC-HDPTWeb.mp4",1817394155,1.69,True,"/Volumes/Media_Lib/TV-Series/红楼梦.A.Dream.in.Red.Mansions.1987.2160p.WEB-DL.H264.AAC-HDPTWeb/06.王熙凤协理宁国府.A.Dream.in.Red.Mansions.1987.E06.2160p.WEB-DL.H264.AAC-HDPTWeb.mp4","/Volumes/Media_Lib-1/【4K修复】红楼梦.A.Dream.in.Red.Mansions.1987.2160p.WEB-DL.H264.AAC-HDPTWeb/06.王熙凤协理宁国府.A.Dream.in.Red.Mansions.1987.E06.2160p.WEB-DL.H264.AAC-HDPTWeb.mp4"
"10.听曲文宝玉悟禅机.A.Dream.in.Red.Mansions.1987.E10.2160p.WEB-DL.H264.AAC-HDPTWeb.mp4",1815472532,1.69,True,"/Volumes/Media_Lib/TV-Series/红楼梦.A.Dream.in.Red.Mansions.1987.2160p.WEB-DL.H264.AAC-HDPTWeb/10.听曲文宝玉悟禅机.A.Dream.in.Red.Mansions.1987.E10.2160p.WEB-DL.H264.AAC-HDPTWeb.mp4","/Volumes/Media_Lib-1/【4K修复】红楼梦.A.Dream.in.Red.Mansions.1987.2160p.WEB-DL.H264.AAC-HDPTWeb/10.听曲文宝玉悟禅机.A.Dream.in.Red.Mansions.1987.E10.2160p.WEB-DL.H264.AAC-HDPTWeb.mp4"
"30.大观园诸芳流散.A.Dream.in.Red.Mansions.1987.E30.2160p.WEB-DL.H264.AAC-HDPTWeb.mp4",1783899540,1.66,True,"/Volumes/Media_Lib/TV-Series/红楼梦.A.Dream.in.Red.Mansions.1987.2160p.WEB-DL.H264.AAC-HDPTWeb/30.大观园诸芳流散.A.Dream.in.Red.Mansions.1987.E30.2160p.WEB-DL.H264.AAC-HDPTWeb.mp4","/Volumes/Media_Lib-1/【4K修复】红楼梦.A.Dream.in.Red.Mansions.1987.2160p.WEB-DL.H264.AAC-HDPTWeb/30.大观园诸芳流散.A.Dream.in.Red.Mansions.1987.E30.2160p.WEB-DL.H264.AAC-HDPTWeb.mp4"
"22.判冤决狱平儿行权.A.Dream.in.Red.Mansions.1987.E22.2160p.WEB-DL.H264.AAC-HDPTWeb.mp4",1761799757,1.64,True,"/Volumes/Media_Lib/TV-Series/红楼梦.A.Dream.in.Red.Mansions.1987.2160p.WEB-DL.H264.AAC-HDPTWeb/22.判冤决狱平儿行权.A.Dream.in.Red.Mansions.1987.E22.2160p.WEB-DL.H264.AAC-HDPTWeb.mp4","/Volumes/Media_Lib-1/【4K修复】红楼梦.A.Dream.in.Red.Mansions.1987.2160p.WEB-DL.H264.AAC-HDPTWeb/22.判冤决狱平儿行权.A.Dream.in.Red.Mansions.1987.E22.2160p.WEB-DL.H264.AAC-HDPTWeb.mp4"
"07.大观园试才题对额.A.Dream.in.Red.Mansions.1987.E07.2160p.WEB-DL.H264.AAC-HDPTWeb.mp4",1757311158,1.64,True,"/Volumes/Media_Lib/TV-Series/红楼梦.A.Dream.in.Red.Mansions.1987.2160p.WEB-DL.H264.AAC-HDPTWeb/07.大观园试才题对额.A.Dream.in.Red.Mansions.1987.E07.2160p.WEB-DL.H264.AAC-HDPTWeb.mp4","/Volumes/Media_Lib-1/【4K修复】红楼梦.A.Dream.in.Red.Mansions.1987.2160p.WEB-DL.H264.AAC-HDPTWeb/07.大观园试才题对额.A.Dream.in.Red.Mansions.1987.E07.2160p.WEB-DL.H264.AAC-HDPTWeb.mp4"
"悬崖之上.Cliff.Walkers.2021.1080p.WEB-DL.H264.AAC-SharkWEB.mp4",1645055292,1.53,True,"/Volumes/Media_Lib/Movies/0-Latest Movies/悬崖之上.Cliff.Walkers.2021.1080p.WEB-DL.H264.AAC-SharkWEB/悬崖之上.Cliff.Walkers.2021.1080p.WEB-DL.H264.AAC-SharkWEB.mp4","/Volumes/Media_Lib-1/悬崖之上.Cliff.Walkers.2021.1080p.WEB-DL.H264.AAC-SharkWEB/悬崖之上.Cliff.Walkers.2021.1080p.WEB-DL.H264.AAC-SharkWEB.mp4"
"08.荣国府归省庆元宵.A.Dream.in.Red.Mansions.1987.E08.2160p.WEB-DL.H264.AAC-HDPTWeb.mp4",1586737085,1.48,True,"/Volumes/Media_Lib/TV-Series/红楼梦.A.Dream.in.Red.Mansions.1987.2160p.WEB-DL.H264.AAC-HDPTWeb/08.荣国府归省庆元宵.A.Dream.in.Red.Mansions.1987.E08.2160p.WEB-DL.H264.AAC-HDPTWeb.mp4","/Volumes/Media_Lib-1/【4K修复】红楼梦.A.Dream.in.Red.Mansions.1987.2160p.WEB-DL.H264.AAC-HDPTWeb/08.荣国府归省庆元宵.A.Dream.in.Red.Mansions.1987.E08.2160p.WEB-DL.H264.AAC-HDPTWeb.mp4"
"人民的名义 55.mp4",1572298095,1.46,True,"/Volumes/Media_Lib/TV-Series/2017.人民的名义.55集全.1080p/人民的名义 55.mp4","/Volumes/Media_Lib-1/2017.人民的名义.55集全.1080p/人民的名义 55.mp4"
"09.意绵绵静日玉生香.A.Dream.in.Red.Mansions.1987.E09.2160p.WEB-DL.H264.AAC-HDPTWeb.mp4",1568062063,1.46,True,"/Volumes/Media_Lib/TV-Series/红楼梦.A.Dream.in.Red.Mansions.1987.2160p.WEB-DL.H264.AAC-HDPTWeb/09.意绵绵静日玉生香.A.Dream.in.Red.Mansions.1987.E09.2160p.WEB-DL.H264.AAC-HDPTWeb.mp4","/Volumes/Media_Lib-1/【4K修复】红楼梦.A.Dream.in.Red.Mansions.1987.2160p.WEB-DL.H264.AAC-HDPTWeb/09.意绵绵静日玉生香.A.Dream.in.Red.Mansions.1987.E09.2160p.WEB-DL.H264.AAC-HDPTWeb.mp4"
"20.勇晴雯病补雀金裘.A.Dream.in.Red.Mansions.1987.E20.2160p.WEB-DL.H264.AAC-HDPTWeb.mp4",1558426951,1.45,True,"/Volumes/Media_Lib/TV-Series/红楼梦.A.Dream.in.Red.Mansions.1987.2160p.WEB-DL.H264.AAC-HDPTWeb/20.勇晴雯病补雀金裘.A.Dream.in.Red.Mansions.1987.E20.2160p.WEB-DL.H264.AAC-HDPTWeb.mp4","/Volumes/Media_Lib-1/【4K修复】红楼梦.A.Dream.in.Red.Mansions.1987.2160p.WEB-DL.H264.AAC-HDPTWeb/20.勇晴雯病补雀金裘.A.Dream.in.Red.Mansions.1987.E20.2160p.WEB-DL.H264.AAC-HDPTWeb.mp4"
"01.林黛玉别父进京都.A.Dream.in.Red.Mansions.1987.E01.2160p.WEB-DL.H264.AAC-HDPTWeb.mp4",1556982689,1.45,True,"/Volumes/Media_Lib/TV-Series/红楼梦.A.Dream.in.Red.Mansions.1987.2160p.WEB-DL.H264.AAC-HDPTWeb/01.林黛玉别父进京都.A.Dream.in.Red.Mansions.1987.E01.2160p.WEB-DL.H264.AAC-HDPTWeb.mp4","/Volumes/Media_Lib-1/【4K修复】红楼梦.A.Dream.in.Red.Mansions.1987.2160p.WEB-DL.H264.AAC-HDPTWeb/01.林黛玉别父进京都.A.Dream.in.Red.Mansions.1987.E01.2160p.WEB-DL.H264.AAC-HDPTWeb.mp4"
"11.为争宠姐弟遭魔魇.A.Dream.in.Red.Mansions.1987.E11.2160p.WEB-DL.H264.AAC-HDPTWeb.mp4",1537444381,1.43,True,"/Volumes/Media_Lib/TV-Series/红楼梦.A.Dream.in.Red.Mansions.1987.2160p.WEB-DL.H264.AAC-HDPTWeb/11.为争宠姐弟遭魔魇.A.Dream.in.Red.Mansions.1987.E11.2160p.WEB-DL.H264.AAC-HDPTWeb.mp4","/Volumes/Media_Lib-1/【4K修复】红楼梦.A.Dream.in.Red.Mansions.1987.2160p.WEB-DL.H264.AAC-HDPTWeb/11.为争宠姐弟遭魔魇.A.Dream.in.Red.Mansions.1987.E11.2160p.WEB-DL.H264.AAC-HDPTWeb.mp4"
"35.大厦倾公府末路.A.Dream.in.Red.Mansions.1987.E35.2160p.WEB-DL.H264.AAC-HDPTWeb.mp4",1529991771,1.42,True,"/Volumes/Media_Lib/TV-Series/红楼梦.A.Dream.in.Red.Mansions.1987.2160p.WEB-DL.H264.AAC-HDPTWeb/35.大厦倾公府末路.A.Dream.in.Red.Mansions.1987.E35.2160p.WEB-DL.H264.AAC-HDPTWeb.mp4","/Volumes/Media_Lib-1/【4K修复】红楼梦.A.Dream.in.Red.Mansions.1987.2160p.WEB-DL.H264.AAC-HDPTWeb/35.大厦倾公府末路.A.Dream.in.Red.Mansions.1987.E35.2160p.WEB-DL.H264.AAC-HDPTWeb.mp4"
"36.白茫茫厚地高天.A.Dream.in.Red.Mansions.1987.E36.2160p.WEB-DL.H264.AAC-HDPTWeb.mp4",1526197727,1.42,True,"/Volumes/Media_Lib/TV-Series/红楼梦.A.Dream.in.Red.Mansions.1987.2160p.WEB-DL.H264.AAC-HDPTWeb/36.白茫茫厚地高天.A.Dream.in.Red.Mansions.1987.E36.2160p.WEB-DL.H264.AAC-HDPTWeb.mp4","/Volumes/Media_Lib-1/【4K修复】红楼梦.A.Dream.in.Red.Mansions.1987.2160p.WEB-DL.H264.AAC-HDPTWeb/36.白茫茫厚地高天.A.Dream.in.Red.Mansions.1987.E36.2160p.WEB-DL.H264.AAC-HDPTWeb.mp4"
"34.强英雄凤姐知命.A.Dream.in.Red.Mansions.1987.E34.2160p.WEB-DL.H264.AAC-HDPTWeb.mp4",1522916206,1.42,True,"/Volumes/Media_Lib/TV-Series/红楼梦.A.Dream.in.Red.Mansions.1987.2160p.WEB-DL.H264.AAC-HDPTWeb/34.强英雄凤姐知命.A.Dream.in.Red.Mansions.1987.E34.2160p.WEB-DL.H264.AAC-HDPTWeb.mp4","/Volumes/Media_Lib-1/【4K修复】红楼梦.A.Dream.in.Red.Mansions.1987.2160p.WEB-DL.H264.AAC-HDPTWeb/34.强英雄凤姐知命.A.Dream.in.Red.Mansions.1987.E34.2160p.WEB-DL.H264.AAC-HDPTWeb.mp4"
"29.痴公子杜撰芙蓉诔.A.Dream.in.Red.Mansions.1987.E29.2160p.WEB-DL.H264.AAC-HDPTWeb.mp4",1419734096,1.32,True,"/Volumes/Media_Lib/TV-Series/红楼梦.A.Dream.in.Red.Mansions.1987.2160p.WEB-DL.H264.AAC-HDPTWeb/29.痴公子杜撰芙蓉诔.A.Dream.in.Red.Mansions.1987.E29.2160p.WEB-DL.H264.AAC-HDPTWeb.mp4","/Volumes/Media_Lib-1/【4K修复】红楼梦.A.Dream.in.Red.Mansions.1987.2160p.WEB-DL.H264.AAC-HDPTWeb/29.痴公子杜撰芙蓉诔.A.Dream.in.Red.Mansions.1987.E29.2160p.WEB-DL.H264.AAC-HDPTWeb.mp4"
"15.弄唇舌宝玉遭笞挞.A.Dream.in.Red.Mansions.1987.E15.2160p.WEB-DL.H264.AAC-HDPTWeb.mp4",1415519215,1.32,True,"/Volumes/Media_Lib/TV-Series/红楼梦.A.Dream.in.Red.Mansions.1987.2160p.WEB-DL.H264.AAC-HDPTWeb/15.弄唇舌宝玉遭笞挞.A.Dream.in.Red.Mansions.1987.E15.2160p.WEB-DL.H264.AAC-HDPTWeb.mp4","/Volumes/Media_Lib-1/【4K修复】红楼梦.A.Dream.in.Red.Mansions.1987.2160p.WEB-DL.H264.AAC-HDPTWeb/15.弄唇舌宝玉遭笞挞.A.Dream.in.Red.Mansions.1987.E15.2160p.WEB-DL.H264.AAC-HDPTWeb.mp4"
"23.慧紫娟情辞试忙玉.A.Dream.in.Red.Mansions.1987.E23.2160p.WEB-DL.H264.AAC-HDPTWeb.mp4",1373704054,1.28,True,"/Volumes/Media_Lib/TV-Series/红楼梦.A.Dream.in.Red.Mansions.1987.2160p.WEB-DL.H264.AAC-HDPTWeb/23.慧紫娟情辞试忙玉.A.Dream.in.Red.Mansions.1987.E23.2160p.WEB-DL.H264.AAC-HDPTWeb.mp4","/Volumes/Media_Lib-1/【4K修复】红楼梦.A.Dream.in.Red.Mansions.1987.2160p.WEB-DL.H264.AAC-HDPTWeb/23.慧紫娟情辞试忙玉.A.Dream.in.Red.Mansions.1987.E23.2160p.WEB-DL.H264.AAC-HDPTWeb.mp4"
"04.探宝钗黛玉半含酸.A.Dream.in.Red.Mansions.1987.E04.2160p.WEB-DL.H264.AAC-HDPTWeb.mp4",1365725601,1.27,True,"/Volumes/Media_Lib/TV-Series/红楼梦.A.Dream.in.Red.Mansions.1987.2160p.WEB-DL.H264.AAC-HDPTWeb/04.探宝钗黛玉半含酸.A.Dream.in.Red.Mansions.1987.E04.2160p.WEB-DL.H264.AAC-HDPTWeb.mp4","/Volumes/Media_Lib-1/【4K修复】红楼梦.A.Dream.in.Red.Mansions.1987.2160p.WEB-DL.H264.AAC-HDPTWeb/04.探宝钗黛玉半含酸.A.Dream.in.Red.Mansions.1987.E04.2160p.WEB-DL.H264.AAC-HDPTWeb.mp4"
"03.刘姥姥一进荣国府.A.Dream.in.Red.Mansions.1987.E03.2160p.WEB-DL.H264.AAC-HDPTWeb.mp4",1214553650,1.13,True,"/Volumes/Media_Lib/TV-Series/红楼梦.A.Dream.in.Red.Mansions.1987.2160p.WEB-DL.H264.AAC-HDPTWeb/03.刘姥姥一进荣国府.A.Dream.in.Red.Mansions.1987.E03.2160p.WEB-DL.H264.AAC-HDPTWeb.mp4","/Volumes/Media_Lib-1/【4K修复】红楼梦.A.Dream.in.Red.Mansions.1987.2160p.WEB-DL.H264.AAC-HDPTWeb/03.刘姥姥一进荣国府.A.Dream.in.Red.Mansions.1987.E03.2160p.WEB-DL.H264.AAC-HDPTWeb.mp4"
"The.Pacific.SP1.Making.2010.1080p.Blu-ray.x265.10bit.AC3￡cXcY@FRDS.mkv",1128391250,1.05,True,"/Volumes/Media_Lib/TV-Series/太平洋战争.The.Pacific.E01-E10+SP.201.1080p.Blu-ray.x265.AC3￡cXcY@FRDS/The.Pacific.SP1.Making.2010.1080p.Blu-ray.x265.10bit.AC3￡cXcY@FRDS.mkv","/Volumes/Media_Lib-1/太平洋战争.The.Pacific.E01-E10+SP.201.1080p.Blu-ray.x265.AC3￡cXcY@FRDS/The.Pacific.SP1.Making.2010.1080p.Blu-ray.x265.10bit.AC3￡cXcY@FRDS.mkv"
"05.王熙凤毒设相思局.A.Dream.in.Red.Mansions.1987.E05.2160p.WEB-DL.H264.AAC-HDPTWeb.mp4",1072612069,1.00,True,"/Volumes/Media_Lib/TV-Series/红楼梦.A.Dream.in.Red.Mansions.1987.2160p.WEB-DL.H264.AAC-HDPTWeb/05.王熙凤毒设相思局.A.Dream.in.Red.Mansions.1987.E05.2160p.WEB-DL.H264.AAC-HDPTWeb.mp4","/Volumes/Media_Lib-1/【4K修复】红楼梦.A.Dream.in.Red.Mansions.1987.2160p.WEB-DL.H264.AAC-HDPTWeb/05.王熙凤毒设相思局.A.Dream.in.Red.Mansions.1987.E05.2160p.WEB-DL.H264.AAC-HDPTWeb.mp4"
"02.宝黛钗初会荣庆堂.A.Dream.in.Red.Mansions.1987.E02.2160p.WEB-DL.H264.AAC-HDPTWeb.mp4",1067725669,0.99,True,"/Volumes/Media_Lib/TV-Series/红楼梦.A.Dream.in.Red.Mansions.1987.2160p.WEB-DL.H264.AAC-HDPTWeb/02.宝黛钗初会荣庆堂.A.Dream.in.Red.Mansions.1987.E02.2160p.WEB-DL.H264.AAC-HDPTWeb.mp4","/Volumes/Media_Lib-1/【4K修复】红楼梦.A.Dream.in.Red.Mansions.1987.2160p.WEB-DL.H264.AAC-HDPTWeb/02.宝黛钗初会荣庆堂.A.Dream.in.Red.Mansions.1987.E02.2160p.WEB-DL.H264.AAC-HDPTWeb.mp4"
