文件名,文件大小(字节),文件大小(可读),glenwrt路径,glenhouse-pc路径
01.林黛玉别父进京都.A.Dream.in.Red.Mansions.1987.E01.2160p.WEB-DL.H264.AAC-HDPTWeb.mp4,1556925644,1.45 GB,/Volumes/Media_Lib/TV-Series/红楼梦.A.Dream.in.Red.Mansions.1987.2160p.WEB-DL.H264.AAC-HDPTWeb/01.林黛玉别父进京都.A.Dream.in.Red.Mansions.1987.E01.2160p.WEB-DL.H264.AAC-HDPTWeb.mp4,/Volumes/Media_Lib-1/【4K修复】红楼梦.A.Dream.in.Red.Mansions.1987.2160p.WEB-DL.H264.AAC-HDPTWeb/01.林黛玉别父进京都.A.Dream.in.Red.Mansions.1987.E01.2160p.WEB-DL.H264.AAC-HDPTWeb.mp4
02.宝黛钗初会荣庆堂.A.Dream.in.Red.Mansions.1987.E02.2160p.WEB-DL.H264.AAC-HDPTWeb.mp4,1067722997,1018.26 MB,/Volumes/Media_Lib/TV-Series/红楼梦.A.Dream.in.Red.Mansions.1987.2160p.WEB-DL.H264.AAC-HDPTWeb/02.宝黛钗初会荣庆堂.A.Dream.in.Red.Mansions.1987.E02.2160p.WEB-DL.H264.AAC-HDPTWeb.mp4,/Volumes/Media_Lib-1/【4K修复】红楼梦.A.Dream.in.Red.Mansions.1987.2160p.WEB-DL.H264.AAC-HDPTWeb/02.宝黛钗初会荣庆堂.A.Dream.in.Red.Mansions.1987.E02.2160p.WEB-DL.H264.AAC-HDPTWeb.mp4
03.刘姥姥一进荣国府.A.Dream.in.Red.Mansions.1987.E03.2160p.WEB-DL.H264.AAC-HDPTWeb.mp4,1213328261,1.13 GB,/Volumes/Media_Lib/TV-Series/红楼梦.A.Dream.in.Red.Mansions.1987.2160p.WEB-DL.H264.AAC-HDPTWeb/03.刘姥姥一进荣国府.A.Dream.in.Red.Mansions.1987.E03.2160p.WEB-DL.H264.AAC-HDPTWeb.mp4,/Volumes/Media_Lib-1/【4K修复】红楼梦.A.Dream.in.Red.Mansions.1987.2160p.WEB-DL.H264.AAC-HDPTWeb/03.刘姥姥一进荣国府.A.Dream.in.Red.Mansions.1987.E03.2160p.WEB-DL.H264.AAC-HDPTWeb.mp4
04.探宝钗黛玉半含酸.A.Dream.in.Red.Mansions.1987.E04.2160p.WEB-DL.H264.AAC-HDPTWeb.mp4,1363652116,1.27 GB,/Volumes/Media_Lib/TV-Series/红楼梦.A.Dream.in.Red.Mansions.1987.2160p.WEB-DL.H264.AAC-HDPTWeb/04.探宝钗黛玉半含酸.A.Dream.in.Red.Mansions.1987.E04.2160p.WEB-DL.H264.AAC-HDPTWeb.mp4,/Volumes/Media_Lib-1/【4K修复】红楼梦.A.Dream.in.Red.Mansions.1987.2160p.WEB-DL.H264.AAC-HDPTWeb/04.探宝钗黛玉半含酸.A.Dream.in.Red.Mansions.1987.E04.2160p.WEB-DL.H264.AAC-HDPTWeb.mp4
05.王熙凤毒设相思局.A.Dream.in.Red.Mansions.1987.E05.2160p.WEB-DL.H264.AAC-HDPTWeb.mp4,1072609361,1022.92 MB,/Volumes/Media_Lib/TV-Series/红楼梦.A.Dream.in.Red.Mansions.1987.2160p.WEB-DL.H264.AAC-HDPTWeb/05.王熙凤毒设相思局.A.Dream.in.Red.Mansions.1987.E05.2160p.WEB-DL.H264.AAC-HDPTWeb.mp4,/Volumes/Media_Lib-1/【4K修复】红楼梦.A.Dream.in.Red.Mansions.1987.2160p.WEB-DL.H264.AAC-HDPTWeb/05.王熙凤毒设相思局.A.Dream.in.Red.Mansions.1987.E05.2160p.WEB-DL.H264.AAC-HDPTWeb.mp4
06.王熙凤协理宁国府.A.Dream.in.Red.Mansions.1987.E06.2160p.WEB-DL.H264.AAC-HDPTWeb.mp4,1814623682,1.69 GB,/Volumes/Media_Lib/TV-Series/红楼梦.A.Dream.in.Red.Mansions.1987.2160p.WEB-DL.H264.AAC-HDPTWeb/06.王熙凤协理宁国府.A.Dream.in.Red.Mansions.1987.E06.2160p.WEB-DL.H264.AAC-HDPTWeb.mp4,/Volumes/Media_Lib-1/【4K修复】红楼梦.A.Dream.in.Red.Mansions.1987.2160p.WEB-DL.H264.AAC-HDPTWeb/06.王熙凤协理宁国府.A.Dream.in.Red.Mansions.1987.E06.2160p.WEB-DL.H264.AAC-HDPTWeb.mp4
07.大观园试才题对额.A.Dream.in.Red.Mansions.1987.E07.2160p.WEB-DL.H264.AAC-HDPTWeb.mp4,1760936591,1.64 GB,/Volumes/Media_Lib/TV-Series/红楼梦.A.Dream.in.Red.Mansions.1987.2160p.WEB-DL.H264.AAC-HDPTWeb/07.大观园试才题对额.A.Dream.in.Red.Mansions.1987.E07.2160p.WEB-DL.H264.AAC-HDPTWeb.mp4,/Volumes/Media_Lib-1/【4K修复】红楼梦.A.Dream.in.Red.Mansions.1987.2160p.WEB-DL.H264.AAC-HDPTWeb/07.大观园试才题对额.A.Dream.in.Red.Mansions.1987.E07.2160p.WEB-DL.H264.AAC-HDPTWeb.mp4
08.荣国府归省庆元宵.A.Dream.in.Red.Mansions.1987.E08.2160p.WEB-DL.H264.AAC-HDPTWeb.mp4,1589137899,1.48 GB,/Volumes/Media_Lib/TV-Series/红楼梦.A.Dream.in.Red.Mansions.1987.2160p.WEB-DL.H264.AAC-HDPTWeb/08.荣国府归省庆元宵.A.Dream.in.Red.Mansions.1987.E08.2160p.WEB-DL.H264.AAC-HDPTWeb.mp4,/Volumes/Media_Lib-1/【4K修复】红楼梦.A.Dream.in.Red.Mansions.1987.2160p.WEB-DL.H264.AAC-HDPTWeb/08.荣国府归省庆元宵.A.Dream.in.Red.Mansions.1987.E08.2160p.WEB-DL.H264.AAC-HDPTWeb.mp4
09.意绵绵静日玉生香.A.Dream.in.Red.Mansions.1987.E09.2160p.WEB-DL.H264.AAC-HDPTWeb.mp4,1567663063,1.46 GB,/Volumes/Media_Lib/TV-Series/红楼梦.A.Dream.in.Red.Mansions.1987.2160p.WEB-DL.H264.AAC-HDPTWeb/09.意绵绵静日玉生香.A.Dream.in.Red.Mansions.1987.E09.2160p.WEB-DL.H264.AAC-HDPTWeb.mp4,/Volumes/Media_Lib-1/【4K修复】红楼梦.A.Dream.in.Red.Mansions.1987.2160p.WEB-DL.H264.AAC-HDPTWeb/09.意绵绵静日玉生香.A.Dream.in.Red.Mansions.1987.E09.2160p.WEB-DL.H264.AAC-HDPTWeb.mp4
10.听曲文宝玉悟禅机.A.Dream.in.Red.Mansions.1987.E10.2160p.WEB-DL.H264.AAC-HDPTWeb.mp4,1814623682,1.69 GB,/Volumes/Media_Lib/TV-Series/红楼梦.A.Dream.in.Red.Mansions.1987.2160p.WEB-DL.H264.AAC-HDPTWeb/10.听曲文宝玉悟禅机.A.Dream.in.Red.Mansions.1987.E10.2160p.WEB-DL.H264.AAC-HDPTWeb.mp4,/Volumes/Media_Lib-1/【4K修复】红楼梦.A.Dream.in.Red.Mansions.1987.2160p.WEB-DL.H264.AAC-HDPTWeb/10.听曲文宝玉悟禅机.A.Dream.in.Red.Mansions.1987.E10.2160p.WEB-DL.H264.AAC-HDPTWeb.mp4
11.为争宠姐弟遭魔魇.A.Dream.in.Red.Mansions.1987.E11.2160p.WEB-DL.H264.AAC-HDPTWeb.mp4,1535450808,1.43 GB,/Volumes/Media_Lib/TV-Series/红楼梦.A.Dream.in.Red.Mansions.1987.2160p.WEB-DL.H264.AAC-HDPTWeb/11.为争宠姐弟遭魔魇.A.Dream.in.Red.Mansions.1987.E11.2160p.WEB-DL.H264.AAC-HDPTWeb.mp4,/Volumes/Media_Lib-1/【4K修复】红楼梦.A.Dream.in.Red.Mansions.1987.2160p.WEB-DL.H264.AAC-HDPTWeb/11.为争宠姐弟遭魔魇.A.Dream.in.Red.Mansions.1987.E11.2160p.WEB-DL.H264.AAC-HDPTWeb.mp4
12.埋香家飞燕泣残红.A.Dream.in.Red.Mansions.1987.E12.2160p.WEB-DL.H264.AAC-HDPTWeb.mp4,2330019758,2.17 GB,/Volumes/Media_Lib/TV-Series/红楼梦.A.Dream.in.Red.Mansions.1987.2160p.WEB-DL.H264.AAC-HDPTWeb/12.埋香家飞燕泣残红.A.Dream.in.Red.Mansions.1987.E12.2160p.WEB-DL.H264.AAC-HDPTWeb.mp4,/Volumes/Media_Lib-1/【4K修复】红楼梦.A.Dream.in.Red.Mansions.1987.2160p.WEB-DL.H264.AAC-HDPTWeb/12.埋香家飞燕泣残红.A.Dream.in.Red.Mansions.1987.E12.2160p.WEB-DL.H264.AAC-HDPTWeb.mp4
13.Hours.2016.2160p.UHD.Bluray.REMUX.DV.HEVC.TrueHD.7.1.Atmos-PTer.mkv,84750442168,78.93 GB,/Volumes/Media_Lib/Movies/13小时 Thirteen Hours/13.Hours.2016.2160p.UHD.Bluray.REMUX.DV.HEVC.TrueHD.7.1.Atmos-PTer.mkv,/Volumes/Media_Lib-1/13.Hours.2016.2160p.UHD.Bluray.REMUX.DV.HEVC.TrueHD.7.1.Atmos-PTer.mkv
13.享福人福深还祷福.A.Dream.in.Red.Mansions.1987.E13.2160p.WEB-DL.H264.AAC-HDPTWeb.mp4,2029372047,1.89 GB,/Volumes/Media_Lib/TV-Series/红楼梦.A.Dream.in.Red.Mansions.1987.2160p.WEB-DL.H264.AAC-HDPTWeb/13.享福人福深还祷福.A.Dream.in.Red.Mansions.1987.E13.2160p.WEB-DL.H264.AAC-HDPTWeb.mp4,/Volumes/Media_Lib-1/【4K修复】红楼梦.A.Dream.in.Red.Mansions.1987.2160p.WEB-DL.H264.AAC-HDPTWeb/13.享福人福深还祷福.A.Dream.in.Red.Mansions.1987.E13.2160p.WEB-DL.H264.AAC-HDPTWeb.mp4
14.含耻辱情烈死金钏.A.Dream.in.Red.Mansions.1987.E14.2160p.WEB-DL.H264.AAC-HDPTWeb.mp4,2222645575,2.07 GB,/Volumes/Media_Lib/TV-Series/红楼梦.A.Dream.in.Red.Mansions.1987.2160p.WEB-DL.H264.AAC-HDPTWeb/14.含耻辱情烈死金钏.A.Dream.in.Red.Mansions.1987.E14.2160p.WEB-DL.H264.AAC-HDPTWeb.mp4,/Volumes/Media_Lib-1/【4K修复】红楼梦.A.Dream.in.Red.Mansions.1987.2160p.WEB-DL.H264.AAC-HDPTWeb/14.含耻辱情烈死金钏.A.Dream.in.Red.Mansions.1987.E14.2160p.WEB-DL.H264.AAC-HDPTWeb.mp4
15.弄唇舌宝玉遭笞挞.A.Dream.in.Red.Mansions.1987.E15.2160p.WEB-DL.H264.AAC-HDPTWeb.mp4,1417339207,1.32 GB,/Volumes/Media_Lib/TV-Series/红楼梦.A.Dream.in.Red.Mansions.1987.2160p.WEB-DL.H264.AAC-HDPTWeb/15.弄唇舌宝玉遭笞挞.A.Dream.in.Red.Mansions.1987.E15.2160p.WEB-DL.H264.AAC-HDPTWeb.mp4,/Volumes/Media_Lib-1/【4K修复】红楼梦.A.Dream.in.Red.Mansions.1987.2160p.WEB-DL.H264.AAC-HDPTWeb/15.弄唇舌宝玉遭笞挞.A.Dream.in.Red.Mansions.1987.E15.2160p.WEB-DL.H264.AAC-HDPTWeb.mp4
16.刘姥姥嬉游大观园.A.Dream.in.Red.Mansions.1987.E16.2160p.WEB-DL.H264.AAC-HDPTWeb.mp4,2115271393,1.97 GB,/Volumes/Media_Lib/TV-Series/红楼梦.A.Dream.in.Red.Mansions.1987.2160p.WEB-DL.H264.AAC-HDPTWeb/16.刘姥姥嬉游大观园.A.Dream.in.Red.Mansions.1987.E16.2160p.WEB-DL.H264.AAC-HDPTWeb.mp4,/Volumes/Media_Lib-1/【4K修复】红楼梦.A.Dream.in.Red.Mansions.1987.2160p.WEB-DL.H264.AAC-HDPTWeb/16.刘姥姥嬉游大观园.A.Dream.in.Red.Mansions.1987.E16.2160p.WEB-DL.H264.AAC-HDPTWeb.mp4
17.变生不测凤姐泼醋.A.Dream.in.Red.Mansions.1987.E17.2160p.WEB-DL.H264.AAC-HDPTWeb.mp4,2222645575,2.07 GB,/Volumes/Media_Lib/TV-Series/红楼梦.A.Dream.in.Red.Mansions.1987.2160p.WEB-DL.H264.AAC-HDPTWeb/17.变生不测凤姐泼醋.A.Dream.in.Red.Mansions.1987.E17.2160p.WEB-DL.H264.AAC-HDPTWeb.mp4,/Volumes/Media_Lib-1/【4K修复】红楼梦.A.Dream.in.Red.Mansions.1987.2160p.WEB-DL.H264.AAC-HDPTWeb/17.变生不测凤姐泼醋.A.Dream.in.Red.Mansions.1987.E17.2160p.WEB-DL.H264.AAC-HDPTWeb.mp4
18.鸳鸯女誓绝鸳鸯偶.A.Dream.in.Red.Mansions.1987.E18.2160p.WEB-DL.H264.AAC-HDPTWeb.mp4,2394444267,2.23 GB,/Volumes/Media_Lib/TV-Series/红楼梦.A.Dream.in.Red.Mansions.1987.2160p.WEB-DL.H264.AAC-HDPTWeb/18.鸳鸯女誓绝鸳鸯偶.A.Dream.in.Red.Mansions.1987.E18.2160p.WEB-DL.H264.AAC-HDPTWeb.mp4,/Volumes/Media_Lib-1/【4K修复】红楼梦.A.Dream.in.Red.Mansions.1987.2160p.WEB-DL.H264.AAC-HDPTWeb/18.鸳鸯女誓绝鸳鸯偶.A.Dream.in.Red.Mansions.1987.E18.2160p.WEB-DL.H264.AAC-HDPTWeb.mp4
19.琉璃世界白雪红梅.A.Dream.in.Red.Mansions.1987.E19.2160p.WEB-DL.H264.AAC-HDPTWeb.mp4,2018634629,1.88 GB,/Volumes/Media_Lib/TV-Series/红楼梦.A.Dream.in.Red.Mansions.1987.2160p.WEB-DL.H264.AAC-HDPTWeb/19.琉璃世界白雪红梅.A.Dream.in.Red.Mansions.1987.E19.2160p.WEB-DL.H264.AAC-HDPTWeb.mp4,/Volumes/Media_Lib-1/【4K修复】红楼梦.A.Dream.in.Red.Mansions.1987.2160p.WEB-DL.H264.AAC-HDPTWeb/19.琉璃世界白雪红梅.A.Dream.in.Red.Mansions.1987.E19.2160p.WEB-DL.H264.AAC-HDPTWeb.mp4
20.勇晴雯病补雀金裘.A.Dream.in.Red.Mansions.1987.E20.2160p.WEB-DL.H264.AAC-HDPTWeb.mp4,1556925644,1.45 GB,/Volumes/Media_Lib/TV-Series/红楼梦.A.Dream.in.Red.Mansions.1987.2160p.WEB-DL.H264.AAC-HDPTWeb/20.勇晴雯病补雀金裘.A.Dream.in.Red.Mansions.1987.E20.2160p.WEB-DL.H264.AAC-HDPTWeb.mp4,/Volumes/Media_Lib-1/【4K修复】红楼梦.A.Dream.in.Red.Mansions.1987.2160p.WEB-DL.H264.AAC-HDPTWeb/20.勇晴雯病补雀金裘.A.Dream.in.Red.Mansions.1987.E20.2160p.WEB-DL.H264.AAC-HDPTWeb.mp4
21.荣国府元宵开夜宴.A.Dream.in.Red.Mansions.1987.E21.2160p.WEB-DL.H264.AAC-HDPTWeb.mp4,2362232012,2.20 GB,/Volumes/Media_Lib/TV-Series/红楼梦.A.Dream.in.Red.Mansions.1987.2160p.WEB-DL.H264.AAC-HDPTWeb/21.荣国府元宵开夜宴.A.Dream.in.Red.Mansions.1987.E21.2160p.WEB-DL.H264.AAC-HDPTWeb.mp4,/Volumes/Media_Lib-1/【4K修复】红楼梦.A.Dream.in.Red.Mansions.1987.2160p.WEB-DL.H264.AAC-HDPTWeb/21.荣国府元宵开夜宴.A.Dream.in.Red.Mansions.1987.E21.2160p.WEB-DL.H264.AAC-HDPTWeb.mp4
22.判冤决狱平儿行权.A.Dream.in.Red.Mansions.1987.E22.2160p.WEB-DL.H264.AAC-HDPTWeb.mp4,1760936591,1.64 GB,/Volumes/Media_Lib/TV-Series/红楼梦.A.Dream.in.Red.Mansions.1987.2160p.WEB-DL.H264.AAC-HDPTWeb/22.判冤决狱平儿行权.A.Dream.in.Red.Mansions.1987.E22.2160p.WEB-DL.H264.AAC-HDPTWeb.mp4,/Volumes/Media_Lib-1/【4K修复】红楼梦.A.Dream.in.Red.Mansions.1987.2160p.WEB-DL.H264.AAC-HDPTWeb/22.判冤决狱平儿行权.A.Dream.in.Red.Mansions.1987.E22.2160p.WEB-DL.H264.AAC-HDPTWeb.mp4
23.慧紫娟情辞试忙玉.A.Dream.in.Red.Mansions.1987.E23.2160p.WEB-DL.H264.AAC-HDPTWeb.mp4,1374389534,1.28 GB,/Volumes/Media_Lib/TV-Series/红楼梦.A.Dream.in.Red.Mansions.1987.2160p.WEB-DL.H264.AAC-HDPTWeb/23.慧紫娟情辞试忙玉.A.Dream.in.Red.Mansions.1987.E23.2160p.WEB-DL.H264.AAC-HDPTWeb.mp4,/Volumes/Media_Lib-1/【4K修复】红楼梦.A.Dream.in.Red.Mansions.1987.2160p.WEB-DL.H264.AAC-HDPTWeb/23.慧紫娟情辞试忙玉.A.Dream.in.Red.Mansions.1987.E23.2160p.WEB-DL.H264.AAC-HDPTWeb.mp4
24.寿怡红群芳开夜宴.A.Dream.in.Red.Mansions.1987.E24.2160p.WEB-DL.H264.AAC-HDPTWeb.mp4,1986422374,1.85 GB,/Volumes/Media_Lib/TV-Series/红楼梦.A.Dream.in.Red.Mansions.1987.2160p.WEB-DL.H264.AAC-HDPTWeb/24.寿怡红群芳开夜宴.A.Dream.in.Red.Mansions.1987.E24.2160p.WEB-DL.H264.AAC-HDPTWeb.mp4,/Volumes/Media_Lib-1/【4K修复】红楼梦.A.Dream.in.Red.Mansions.1987.2160p.WEB-DL.H264.AAC-HDPTWeb/24.寿怡红群芳开夜宴.A.Dream.in.Red.Mansions.1987.E24.2160p.WEB-DL.H264.AAC-HDPTWeb.mp4
25.贾二舍偷娶尤二姨.A.Dream.in.Red.Mansions.1987.E25.2160p.WEB-DL.H264.AAC-HDPTWeb.mp4,2544768122,2.37 GB,/Volumes/Media_Lib/TV-Series/红楼梦.A.Dream.in.Red.Mansions.1987.2160p.WEB-DL.H264.AAC-HDPTWeb/25.贾二舍偷娶尤二姨.A.Dream.in.Red.Mansions.1987.E25.2160p.WEB-DL.H264.AAC-HDPTWeb.mp4,/Volumes/Media_Lib-1/【4K修复】红楼梦.A.Dream.in.Red.Mansions.1987.2160p.WEB-DL.H264.AAC-HDPTWeb/25.贾二舍偷娶尤二姨.A.Dream.in.Red.Mansions.1987.E25.2160p.WEB-DL.H264.AAC-HDPTWeb.mp4
26.酸凤姐大闹宁国府.A.Dream.in.Red.Mansions.1987.E26.2160p.WEB-DL.H264.AAC-HDPTWeb.mp4,2437393940,2.27 GB,/Volumes/Media_Lib/TV-Series/红楼梦.A.Dream.in.Red.Mansions.1987.2160p.WEB-DL.H264.AAC-HDPTWeb/26.酸凤姐大闹宁国府.A.Dream.in.Red.Mansions.1987.E26.2160p.WEB-DL.H264.AAC-HDPTWeb.mp4,/Volumes/Media_Lib-1/【4K修复】红楼梦.A.Dream.in.Red.Mansions.1987.2160p.WEB-DL.H264.AAC-HDPTWeb/26.酸凤姐大闹宁国府.A.Dream.in.Red.Mansions.1987.E26.2160p.WEB-DL.H264.AAC-HDPTWeb.mp4
27.嫌隙人有心生嫌隙.A.Dream.in.Red.Mansions.1987.E27.2160p.WEB-DL.H264.AAC-HDPTWeb.mp4,2265595248,2.11 GB,/Volumes/Media_Lib/TV-Series/红楼梦.A.Dream.in.Red.Mansions.1987.2160p.WEB-DL.H264.AAC-HDPTWeb/27.嫌隙人有心生嫌隙.A.Dream.in.Red.Mansions.1987.E27.2160p.WEB-DL.H264.AAC-HDPTWeb.mp4,/Volumes/Media_Lib-1/【4K修复】红楼梦.A.Dream.in.Red.Mansions.1987.2160p.WEB-DL.H264.AAC-HDPTWeb/27.嫌隙人有心生嫌隙.A.Dream.in.Red.Mansions.1987.E27.2160p.WEB-DL.H264.AAC-HDPTWeb.mp4
28.开夜宴异兆发悲音.A.Dream.in.Red.Mansions.1987.E28.2160p.WEB-DL.H264.AAC-HDPTWeb.mp4,1975684956,1.84 GB,/Volumes/Media_Lib/TV-Series/红楼梦.A.Dream.in.Red.Mansions.1987.2160p.WEB-DL.H264.AAC-HDPTWeb/28.开夜宴异兆发悲音.A.Dream.in.Red.Mansions.1987.E28.2160p.WEB-DL.H264.AAC-HDPTWeb.mp4,/Volumes/Media_Lib-1/【4K修复】红楼梦.A.Dream.in.Red.Mansions.1987.2160p.WEB-DL.H264.AAC-HDPTWeb/28.开夜宴异兆发悲音.A.Dream.in.Red.Mansions.1987.E28.2160p.WEB-DL.H264.AAC-HDPTWeb.mp4
29.痴公子杜撰芙蓉诔.A.Dream.in.Red.Mansions.1987.E29.2160p.WEB-DL.H264.AAC-HDPTWeb.mp4,1417339207,1.32 GB,/Volumes/Media_Lib/TV-Series/红楼梦.A.Dream.in.Red.Mansions.1987.2160p.WEB-DL.H264.AAC-HDPTWeb/29.痴公子杜撰芙蓉诔.A.Dream.in.Red.Mansions.1987.E29.2160p.WEB-DL.H264.AAC-HDPTWeb.mp4,/Volumes/Media_Lib-1/【4K修复】红楼梦.A.Dream.in.Red.Mansions.1987.2160p.WEB-DL.H264.AAC-HDPTWeb/29.痴公子杜撰芙蓉诔.A.Dream.in.Red.Mansions.1987.E29.2160p.WEB-DL.H264.AAC-HDPTWeb.mp4
30.大观园诸芳流散.A.Dream.in.Red.Mansions.1987.E30.2160p.WEB-DL.H264.AAC-HDPTWeb.mp4,1782411427,1.66 GB,/Volumes/Media_Lib/TV-Series/红楼梦.A.Dream.in.Red.Mansions.1987.2160p.WEB-DL.H264.AAC-HDPTWeb/30.大观园诸芳流散.A.Dream.in.Red.Mansions.1987.E30.2160p.WEB-DL.H264.AAC-HDPTWeb.mp4,/Volumes/Media_Lib-1/【4K修复】红楼梦.A.Dream.in.Red.Mansions.1987.2160p.WEB-DL.H264.AAC-HDPTWeb/30.大观园诸芳流散.A.Dream.in.Red.Mansions.1987.E30.2160p.WEB-DL.H264.AAC-HDPTWeb.mp4
31.家宅乱误窃通灵.A.Dream.in.Red.Mansions.1987.E31.2160p.WEB-DL.H264.AAC-HDPTWeb.mp4,1857573355,1.73 GB,/Volumes/Media_Lib/TV-Series/红楼梦.A.Dream.in.Red.Mansions.1987.2160p.WEB-DL.H264.AAC-HDPTWeb/31.家宅乱误窃通灵.A.Dream.in.Red.Mansions.1987.E31.2160p.WEB-DL.H264.AAC-HDPTWeb.mp4,/Volumes/Media_Lib-1/【4K修复】红楼梦.A.Dream.in.Red.Mansions.1987.2160p.WEB-DL.H264.AAC-HDPTWeb/31.家宅乱误窃通灵.A.Dream.in.Red.Mansions.1987.E31.2160p.WEB-DL.H264.AAC-HDPTWeb.mp4
32.伤离别探春远嫁.A.Dream.in.Red.Mansions.1987.E32.2160p.WEB-DL.H264.AAC-HDPTWeb.mp4,2061584302,1.92 GB,/Volumes/Media_Lib/TV-Series/红楼梦.A.Dream.in.Red.Mansions.1987.2160p.WEB-DL.H264.AAC-HDPTWeb/32.伤离别探春远嫁.A.Dream.in.Red.Mansions.1987.E32.2160p.WEB-DL.H264.AAC-HDPTWeb.mp4,/Volumes/Media_Lib-1/【4K修复】红楼梦.A.Dream.in.Red.Mansions.1987.2160p.WEB-DL.H264.AAC-HDPTWeb/32.伤离别探春远嫁.A.Dream.in.Red.Mansions.1987.E32.2160p.WEB-DL.H264.AAC-HDPTWeb.mp4
33.惊噩耗黛玉魂归.A.Dream.in.Red.Mansions.1987.E33.2160p.WEB-DL.H264.AAC-HDPTWeb.mp4,2619930050,2.44 GB,/Volumes/Media_Lib/TV-Series/红楼梦.A.Dream.in.Red.Mansions.1987.2160p.WEB-DL.H264.AAC-HDPTWeb/33.惊噩耗黛玉魂归.A.Dream.in.Red.Mansions.1987.E33.2160p.WEB-DL.H264.AAC-HDPTWeb.mp4,/Volumes/Media_Lib-1/【4K修复】红楼梦.A.Dream.in.Red.Mansions.1987.2160p.WEB-DL.H264.AAC-HDPTWeb/33.惊噩耗黛玉魂归.A.Dream.in.Red.Mansions.1987.E33.2160p.WEB-DL.H264.AAC-HDPTWeb.mp4
34.强英雄凤姐知命.A.Dream.in.Red.Mansions.1987.E34.2160p.WEB-DL.H264.AAC-HDPTWeb.mp4,1524713390,1.42 GB,/Volumes/Media_Lib/TV-Series/红楼梦.A.Dream.in.Red.Mansions.1987.2160p.WEB-DL.H264.AAC-HDPTWeb/34.强英雄凤姐知命.A.Dream.in.Red.Mansions.1987.E34.2160p.WEB-DL.H264.AAC-HDPTWeb.mp4,/Volumes/Media_Lib-1/【4K修复】红楼梦.A.Dream.in.Red.Mansions.1987.2160p.WEB-DL.H264.AAC-HDPTWeb/34.强英雄凤姐知命.A.Dream.in.Red.Mansions.1987.E34.2160p.WEB-DL.H264.AAC-HDPTWeb.mp4
35.大厦倾公府末路.A.Dream.in.Red.Mansions.1987.E35.2160p.WEB-DL.H264.AAC-HDPTWeb.mp4,1524713390,1.42 GB,/Volumes/Media_Lib/TV-Series/红楼梦.A.Dream.in.Red.Mansions.1987.2160p.WEB-DL.H264.AAC-HDPTWeb/35.大厦倾公府末路.A.Dream.in.Red.Mansions.1987.E35.2160p.WEB-DL.H264.AAC-HDPTWeb.mp4,/Volumes/Media_Lib-1/【4K修复】红楼梦.A.Dream.in.Red.Mansions.1987.2160p.WEB-DL.H264.AAC-HDPTWeb/35.大厦倾公府末路.A.Dream.in.Red.Mansions.1987.E35.2160p.WEB-DL.H264.AAC-HDPTWeb.mp4
36.白茫茫厚地高天.A.Dream.in.Red.Mansions.1987.E36.2160p.WEB-DL.H264.AAC-HDPTWeb.mp4,1524713390,1.42 GB,/Volumes/Media_Lib/TV-Series/红楼梦.A.Dream.in.Red.Mansions.1987.2160p.WEB-DL.H264.AAC-HDPTWeb/36.白茫茫厚地高天.A.Dream.in.Red.Mansions.1987.E36.2160p.WEB-DL.H264.AAC-HDPTWeb.mp4,/Volumes/Media_Lib-1/【4K修复】红楼梦.A.Dream.in.Red.Mansions.1987.2160p.WEB-DL.H264.AAC-HDPTWeb/36.白茫茫厚地高天.A.Dream.in.Red.Mansions.1987.E36.2160p.WEB-DL.H264.AAC-HDPTWeb.mp4
A.Perfect.Planet.S01E01.Volcano.2160p.UHD.BluRay.x265.HDR.TrueHD.Atmos.mUHD-FRDS.mkv,12401718067,11.55 GB,/Volumes/Media_Lib/Documentary/A.Perfect.Planet.2021.S01.UHD.BluRay.2160p.mUHD-FRDS/A.Perfect.Planet.S01E01.Volcano.2160p.UHD.BluRay.x265.HDR.TrueHD.Atmos.mUHD-FRDS.mkv,/Volumes/Media_Lib-1/A.Perfect.Planet.2021.S01.UHD.BluRay.2160p.mUHD-FRDS/A.Perfect.Planet.S01E01.Volcano.2160p.UHD.BluRay.x265.HDR.TrueHD.Atmos.mUHD-FRDS.mkv
A.Perfect.Planet.S01E02.The.Sun.2160p.UHD.BluRay.x265.HDR.TrueHD.Atmos.mUHD-FRDS.mkv,13131862507,12.23 GB,/Volumes/Media_Lib/Documentary/A.Perfect.Planet.2021.S01.UHD.BluRay.2160p.mUHD-FRDS/A.Perfect.Planet.S01E02.The.Sun.2160p.UHD.BluRay.x265.HDR.TrueHD.Atmos.mUHD-FRDS.mkv,/Volumes/Media_Lib-1/A.Perfect.Planet.2021.S01.UHD.BluRay.2160p.mUHD-FRDS/A.Perfect.Planet.S01E02.The.Sun.2160p.UHD.BluRay.x265.HDR.TrueHD.Atmos.mUHD-FRDS.mkv
A.Perfect.Planet.S01E03.Weather.2160p.UHD.BluRay.x265.HDR.TrueHD.Atmos.mUHD-FRDS.mkv,12466142576,11.61 GB,/Volumes/Media_Lib/Documentary/A.Perfect.Planet.2021.S01.UHD.BluRay.2160p.mUHD-FRDS/A.Perfect.Planet.S01E03.Weather.2160p.UHD.BluRay.x265.HDR.TrueHD.Atmos.mUHD-FRDS.mkv,/Volumes/Media_Lib-1/A.Perfect.Planet.2021.S01.UHD.BluRay.2160p.mUHD-FRDS/A.Perfect.Planet.S01E03.Weather.2160p.UHD.BluRay.x265.HDR.TrueHD.Atmos.mUHD-FRDS.mkv
A.Perfect.Planet.S01E04.Oceans.2160p.UHD.BluRay.x265.HDR.TrueHD.Atmos.mUHD-FRDS.mkv,15494094520,14.43 GB,/Volumes/Media_Lib/Documentary/A.Perfect.Planet.2021.S01.UHD.BluRay.2160p.mUHD-FRDS/A.Perfect.Planet.S01E04.Oceans.2160p.UHD.BluRay.x265.HDR.TrueHD.Atmos.mUHD-FRDS.mkv,/Volumes/Media_Lib-1/A.Perfect.Planet.2021.S01.UHD.BluRay.2160p.mUHD-FRDS/A.Perfect.Planet.S01E04.Oceans.2160p.UHD.BluRay.x265.HDR.TrueHD.Atmos.mUHD-FRDS.mkv
A.Perfect.Planet.S01E05.Humans.2160p.UHD.BluRay.x265.HDR.TrueHD.Atmos.mUHD-FRDS.mkv,16224238960,15.11 GB,/Volumes/Media_Lib/Documentary/A.Perfect.Planet.2021.S01.UHD.BluRay.2160p.mUHD-FRDS/A.Perfect.Planet.S01E05.Humans.2160p.UHD.BluRay.x265.HDR.TrueHD.Atmos.mUHD-FRDS.mkv,/Volumes/Media_Lib-1/A.Perfect.Planet.2021.S01.UHD.BluRay.2160p.mUHD-FRDS/A.Perfect.Planet.S01E05.Humans.2160p.UHD.BluRay.x265.HDR.TrueHD.Atmos.mUHD-FRDS.mkv
A.Perfect.Planet.S01SP.Make.A.Prefect.Planet.2160p.UHD.BluRay.x265.HDR.TrueHD.Atmos.mUHD-FRDS.mkv,5851892940,5.45 GB,/Volumes/Media_Lib/Documentary/A.Perfect.Planet.2021.S01.UHD.BluRay.2160p.mUHD-FRDS/A.Perfect.Planet.S01SP.Make.A.Prefect.Planet.2160p.UHD.BluRay.x265.HDR.TrueHD.Atmos.mUHD-FRDS.mkv,/Volumes/Media_Lib-1/A.Perfect.Planet.2021.S01.UHD.BluRay.2160p.mUHD-FRDS/A.Perfect.Planet.S01SP.Make.A.Prefect.Planet.2160p.UHD.BluRay.x265.HDR.TrueHD.Atmos.mUHD-FRDS.mkv
Adaptation.2002.UHD.BluRay.2160p.x265.10bit.DoVi.2Audio.mUHD-FRDS.mkv,20669530112,19.25 GB,/Volumes/Media_Lib/Movies/改编剧本.Adaptation.2002.UHD.BluRay.2160p.x265.10bit.DoVi.2Audio.mUHD-FRDS/Adaptation.2002.UHD.BluRay.2160p.x265.10bit.DoVi.2Audio.mUHD-FRDS.mkv,/Volumes/Media_Lib-1/改编剧本.Adaptation.2002.UHD.BluRay.2160p.x265.10bit.DoVi.2Audio.mUHD-FRDS/Adaptation.2002.UHD.BluRay.2160p.x265.10bit.DoVi.2Audio.mUHD-FRDS.mkv
Alita.Battle.Angel.2019.2160p.UHD.Bluray.TrueHD.Atmos.7.1.DoVi.HDR10+.x265-PTer.mkv,23074711797,21.49 GB,/Volumes/Media_Lib/Movies/阿丽塔 4K (2019)/Alita.Battle.Angel.2019.2160p.UHD.Bluray.TrueHD.Atmos.7.1.DoVi.HDR10+.x265-PTer.mkv,/Volumes/Media_Lib-1/Alita.Battle.Angel.2019.2160p.UHD.Bluray.TrueHD.Atmos.7.1.DoVi.HDR10+.x265-PTer.mkv
All.Quiet.on.the.Western.Front.2022.4K.HDR.2160p.WEBDL Ita Ger x265-NAHOM.mkv,21399674552,19.93 GB,/Volumes/Media_Lib/Movies/All.Quiet.on.the.Western.Front.2022.4K.HDR.2160p.WEBDL Ita Ger x265-NAHOM/All.Quiet.on.the.Western.Front.2022.4K.HDR.2160p.WEBDL Ita Ger x265-NAHOM.mkv,/Volumes/Media_Lib-1/All.Quiet.on.the.Western.Front.2022.4K.HDR.2160p.WEBDL Ita Ger x265-NAHOM.mkv
Apollo.11.2019.UHD.BluRay.2160p.10bit.HDR.DTS-HD.MA.5.1.x265-beAst.mkv,28572269936,26.61 GB,/Volumes/Media_Lib/Documentary/Apollo.11.2019.UHD.BluRay.2160p.10bit.HDR.DTS-HD.MA.5.1.x265-beAst/Apollo.11.2019.UHD.BluRay.2160p.10bit.HDR.DTS-HD.MA.5.1.x265-beAst.mkv,/Volumes/Media_Lib-1/Apollo.11.2019.UHD.BluRay.2160p.10bit.HDR.DTS-HD.MA.5.1.x265-beAst/Apollo.11.2019.UHD.BluRay.2160p.10bit.HDR.DTS-HD.MA.5.1.x265-beAst.mkv
Avatar.The.Way.of.Water.2022.2160p.WEB-DL.DoVi.HDR10.HEVC.Atmos.DDP5.1-HDH.mkv,36174362050,33.69 GB,/Volumes/Media_Lib/Movies/Avator.阿凡达/Avatar.The.Way.of.Water.2022.2160p.WEB-DL.DoVi.HDR10.HEVC.Atmos.DDP5.1-HDH/Avatar.The.Way.of.Water.2022.2160p.WEB-DL.DoVi.HDR10.HEVC.Atmos.DDP5.1-HDH.mkv,/Volumes/Media_Lib-1/Avatar.The.Way.of.Water.2022.2160p.WEB-DL.DoVi.HDR10.HEVC.Atmos.DDP5.1-HDH/Avatar.The.Way.of.Water.2022.2160p.WEB-DL.DoVi.HDR10.HEVC.Atmos.DDP5.1-HDH.mkv
BBC.Planet.Earth.III.2023.EP01.UHD.BluRay.2160p.2Audio.TrueHD.Atmos.7.1.x265.10bit.HDR-beAst.mkv,10533407293,9.81 GB,/Volumes/Media_Lib/Documentary/Planet Earth Episode III/BBC.Planet.Earth.III.2023.EP01.UHD.BluRay.2160p.2Audio.TrueHD.Atmos.7.1.x265.10bit.HDR-beAst.mkv,/Volumes/Media_Lib-1/BBC.Planet.Earth.III.2023.EP01-EP08.UHD.BluRay.2160p.2Audio.TrueHD.Atmos.7.1.x265.10bit.HDR-beAst/BBC.Planet.Earth.III.2023.EP01.UHD.BluRay.2160p.2Audio.TrueHD.Atmos.7.1.x265.10bit.HDR-beAst.mkv
BBC.Planet.Earth.III.2023.EP02.UHD.BluRay.2160p.2Audio.TrueHD.Atmos.7.1.x265.10bit.HDR-beAst.mkv,11961483919,11.14 GB,/Volumes/Media_Lib/Documentary/Planet Earth Episode III/BBC.Planet.Earth.III.2023.EP02.UHD.BluRay.2160p.2Audio.TrueHD.Atmos.7.1.x265.10bit.HDR-beAst.mkv,/Volumes/Media_Lib-1/BBC.Planet.Earth.III.2023.EP01-EP08.UHD.BluRay.2160p.2Audio.TrueHD.Atmos.7.1.x265.10bit.HDR-beAst/BBC.Planet.Earth.III.2023.EP02.UHD.BluRay.2160p.2Audio.TrueHD.Atmos.7.1.x265.10bit.HDR-beAst.mkv
BBC.Planet.Earth.III.2023.EP03.UHD.BluRay.2160p.2Audio.TrueHD.Atmos.7.1.x265.10bit.HDR-beAst.mkv,10479720202,9.76 GB,/Volumes/Media_Lib/Documentary/Planet Earth Episode III/BBC.Planet.Earth.III.2023.EP03.UHD.BluRay.2160p.2Audio.TrueHD.Atmos.7.1.x265.10bit.HDR-beAst.mkv,/Volumes/Media_Lib-1/BBC.Planet.Earth.III.2023.EP01-EP08.UHD.BluRay.2160p.2Audio.TrueHD.Atmos.7.1.x265.10bit.HDR-beAst/BBC.Planet.Earth.III.2023.EP03.UHD.BluRay.2160p.2Audio.TrueHD.Atmos.7.1.x265.10bit.HDR-beAst.mkv
BBC.Planet.Earth.III.2023.EP04.UHD.BluRay.2160p.2Audio.TrueHD.Atmos.7.1.x265.10bit.HDR-beAst.mkv,12659416104,11.79 GB,/Volumes/Media_Lib/Documentary/Planet Earth Episode III/BBC.Planet.Earth.III.2023.EP04.UHD.BluRay.2160p.2Audio.TrueHD.Atmos.7.1.x265.10bit.HDR-beAst.mkv,/Volumes/Media_Lib-1/BBC.Planet.Earth.III.2023.EP01-EP08.UHD.BluRay.2160p.2Audio.TrueHD.Atmos.7.1.x265.10bit.HDR-beAst/BBC.Planet.Earth.III.2023.EP04.UHD.BluRay.2160p.2Audio.TrueHD.Atmos.7.1.x265.10bit.HDR-beAst.mkv
BBC.Planet.Earth.III.2023.EP05.UHD.BluRay.2160p.2Audio.TrueHD.Atmos.7.1.x265.10bit.HDR-beAst.mkv,11746735554,10.94 GB,/Volumes/Media_Lib/Documentary/Planet Earth Episode III/BBC.Planet.Earth.III.2023.EP05.UHD.BluRay.2160p.2Audio.TrueHD.Atmos.7.1.x265.10bit.HDR-beAst.mkv,/Volumes/Media_Lib-1/BBC.Planet.Earth.III.2023.EP01-EP08.UHD.BluRay.2160p.2Audio.TrueHD.Atmos.7.1.x265.10bit.HDR-beAst/BBC.Planet.Earth.III.2023.EP05.UHD.BluRay.2160p.2Audio.TrueHD.Atmos.7.1.x265.10bit.HDR-beAst.mkv
BBC.Planet.Earth.III.2023.EP06.UHD.BluRay.2160p.2Audio.TrueHD.Atmos.7.1.x265.10bit.HDR-beAst.mkv,8858370048,8.25 GB,/Volumes/Media_Lib/Documentary/Planet Earth Episode III/BBC.Planet.Earth.III.2023.EP06.UHD.BluRay.2160p.2Audio.TrueHD.Atmos.7.1.x265.10bit.HDR-beAst.mkv,/Volumes/Media_Lib-1/BBC.Planet.Earth.III.2023.EP01-EP08.UHD.BluRay.2160p.2Audio.TrueHD.Atmos.7.1.x265.10bit.HDR-beAst/BBC.Planet.Earth.III.2023.EP06.UHD.BluRay.2160p.2Audio.TrueHD.Atmos.7.1.x265.10bit.HDR-beAst.mkv
BBC.Planet.Earth.III.2023.EP07.UHD.BluRay.2160p.2Audio.TrueHD.Atmos.7.1.x265.10bit.HDR-beAst.mkv,11242076897,10.47 GB,/Volumes/Media_Lib/Documentary/Planet Earth Episode III/BBC.Planet.Earth.III.2023.EP07.UHD.BluRay.2160p.2Audio.TrueHD.Atmos.7.1.x265.10bit.HDR-beAst.mkv,/Volumes/Media_Lib-1/BBC.Planet.Earth.III.2023.EP01-EP08.UHD.BluRay.2160p.2Audio.TrueHD.Atmos.7.1.x265.10bit.HDR-beAst/BBC.Planet.Earth.III.2023.EP07.UHD.BluRay.2160p.2Audio.TrueHD.Atmos.7.1.x265.10bit.HDR-beAst.mkv
BBC.Planet.Earth.III.2023.EP08.UHD.BluRay.2160p.2Audio.TrueHD.Atmos.7.1.x265.10bit.HDR-beAst.mkv,11381663334,10.60 GB,/Volumes/Media_Lib/Documentary/Planet Earth Episode III/BBC.Planet.Earth.III.2023.EP08.UHD.BluRay.2160p.2Audio.TrueHD.Atmos.7.1.x265.10bit.HDR-beAst.mkv,/Volumes/Media_Lib-1/BBC.Planet.Earth.III.2023.EP01-EP08.UHD.BluRay.2160p.2Audio.TrueHD.Atmos.7.1.x265.10bit.HDR-beAst/BBC.Planet.Earth.III.2023.EP08.UHD.BluRay.2160p.2Audio.TrueHD.Atmos.7.1.x265.10bit.HDR-beAst.mkv
Black Hawk Down 2001 Extended V2 UHD BluRay REMUX 2160p HEVC Atmos TrueHD7.1 4Audio-CHD.mkv,76031658557,70.81 GB,/Volumes/Media_Lib/Movies/Black Hawk Down 2001 Extended V2 UHD BluRay REMUX 2160p HEVC Atmos TrueHD7.1 4Audio-CHD/Black Hawk Down 2001 Extended V2 UHD BluRay REMUX 2160p HEVC Atmos TrueHD7.1 4Audio-CHD.mkv,/Volumes/Media_Lib-1/Black Hawk Down 2001 Extended V2 UHD BluRay REMUX 2160p HEVC Atmos TrueHD7.1 4Audio-CHD/Black Hawk Down 2001 Extended V2 UHD BluRay REMUX 2160p HEVC Atmos TrueHD7.1 4Audio-CHD.mkv
Blonde.2022.2160p.NF.WEBRip.DDP5.1.Atmos.x265-CMRG.mkv,28969554411,26.98 GB,/Volumes/Media_Lib/Movies/0-Latest Movies/Blonde.2022.2160p.NF.WEBRip.DDP5.1.Atmos.x265-CMRG/Blonde.2022.2160p.NF.WEBRip.DDP5.1.Atmos.x265-CMRG.mkv,/Volumes/Media_Lib-1/Blonde.2022.2160p.NF.WEBRip.DDP5.1.Atmos.x265-CMRG/Blonde.2022.2160p.NF.WEBRip.DDP5.1.Atmos.x265-CMRG.mkv
Bohemian.Rhapsody.2018.UHD.BluRay.2160p.2Audio.TrueHD(Atmos).7.1.HDR.10bit.x265-beAst.mkv,26564372725,24.74 GB,/Volumes/Media_Lib/Movies/Bohemian.Rhapsody.2018.UHD.BluRay.2160p.2Audio.TrueHD(Atmos).7.1.HDR.10bit.x265-beAst/Bohemian.Rhapsody.2018.UHD.BluRay.2160p.2Audio.TrueHD(Atmos).7.1.HDR.10bit.x265-beAst.mkv,/Volumes/Media_Lib-1/Bohemian.Rhapsody.2018.UHD.BluRay.2160p.2Audio.TrueHD(Atmos).7.1.HDR.10bit.x265-beAst/Bohemian.Rhapsody.2018.UHD.BluRay.2160p.2Audio.TrueHD(Atmos).7.1.HDR.10bit.x265-beAst.mkv
Casablanca.1942.Repack.UHD.BluRay.2160p.10bit.HDR.6Audio.DTS-HD.MA.2.0.x265-beAst.mkv,35905926594,33.44 GB,/Volumes/Media_Lib/Movies/Casablanca.1942.Repack.UHD.BluRay.2160p.10bit.HDR.6Audio.DTS-HD.MA.2.0.x265-beAst/Casablanca.1942.Repack.UHD.BluRay.2160p.10bit.HDR.6Audio.DTS-HD.MA.2.0.x265-beAst.mkv,/Volumes/Media_Lib-1/Casablanca.1942.Repack.UHD.BluRay.2160p.10bit.HDR.6Audio.DTS-HD.MA.2.0.x265-beAst/Casablanca.1942.Repack.UHD.BluRay.2160p.10bit.HDR.6Audio.DTS-HD.MA.2.0.x265-beAst.mkv
Contact.1997.1080p.BluRay.DTS.x264-HiDt.mkv,14044543057,13.08 GB,/Volumes/Media_Lib/Movies/Contact.1997.1080p.BluRay.DTS.x264-HiDt.mkv,/Volumes/Media_Lib-1/Contact.1997.1080p.BluRay.DTS.x264-HiDt.mkv
Crouching.Tiger.Hidden.Dragon.2000.UHD.BluRay.2160p.10bit.DoVi.2Audio.TrueHD(Atmos).7.1.x265-beAst.mkv,45183055953,42.08 GB,/Volumes/Media_Lib/Movies/Crouching.Tiger.Hidden.Dragon.2000.UHD.BluRay.2160p.10bit.DoVi.2Audio.TrueHD(Atmos).7.1.x265-beAst/Crouching.Tiger.Hidden.Dragon.2000.UHD.BluRay.2160p.10bit.DoVi.2Audio.TrueHD(Atmos).7.1.x265-beAst.mkv,/Volumes/Media_Lib-1/Crouching.Tiger.Hidden.Dragon.2000.UHD.BluRay.2160p.10bit.DoVi.2Audio.TrueHD(Atmos).7.1.x265-beAst/Crouching.Tiger.Hidden.Dragon.2000.UHD.BluRay.2160p.10bit.DoVi.2Audio.TrueHD(Atmos).7.1.x265-beAst.mkv
Dragon.Ball.Super.Super.Hero.2022.1080p.BluRay.REMUX.AVC.FLAC5.1-Kitsune.mkv,17222818856,16.04 GB,/Volumes/Media_Lib/Movies/0-Latest Movies/Dragon.Ball.Super.Super.Hero.2022.1080p.BluRay.REMUX.AVC.FLAC5.1-Kitsune.mkv,/Volumes/Media_Lib-1/Dragon.Ball.Super.Super.Hero.2022.1080p.BluRay.REMUX.AVC.FLAC5.1-Kitsune.mkv
Drishyam.2.2022.1080p.HINDI.AMZN.10bit.DDP.5.1.x265.mkv,4348654387,4.05 GB,/Volumes/Media_Lib/Movies/误杀瞒天记2.Drishyam.2.2022.1080p.HINDI.AMZN.10bit.DDP.5.1.x265/Drishyam.2.2022.1080p.HINDI.AMZN.10bit.DDP.5.1.x265.mkv,/Volumes/Media_Lib-1/误杀瞒天记2.Drishyam.2.2022.1080p.HINDI.AMZN.10bit.DDP.5.1.x265/Drishyam.2.2022.1080p.HINDI.AMZN.10bit.DDP.5.1.x265.mkv
Dune.2021.2160p.BluRay.x265.10bit.Atmos.TrueHD7.1-WiKi.mkv,43819403837,40.81 GB,/Volumes/Media_Lib/Movies/Dune.2021.2160p.BluRay.x265.10bit.Atmos.TrueHD7.1-WiKi/Dune.2021.2160p.BluRay.x265.10bit.Atmos.TrueHD7.1-WiKi.mkv,/Volumes/Media_Lib-1/Dune.2021.2160p.BluRay.x265.10bit.Atmos.TrueHD7.1-WiKi/Dune.2021.2160p.BluRay.x265.10bit.Atmos.TrueHD7.1-WiKi.mkv
Dunkirk.2017.UHD.BluRay.2160p.10bit.HDR.2Audio.DTS-HD.MA.5.1.x265-beAst.mkv,28883655065,26.90 GB,/Volumes/Media_Lib/Movies/0-克里斯托弗·诺兰导演合集/Dunkirk.2017.UHD.BluRay.2160p.10bit.HDR.2Audio.DTS-HD.MA.5.1.x265-beAst/Dunkirk.2017.UHD.BluRay.2160p.10bit.HDR.2Audio.DTS-HD.MA.5.1.x265-beAst.mkv,/Volumes/Media_Lib-1/克里斯托弗·罗兰导演合集/Dunkirk.2017.UHD.BluRay.2160p.10bit.HDR.2Audio.DTS-HD.MA.5.1.x265-beAst/Dunkirk.2017.UHD.BluRay.2160p.10bit.HDR.2Audio.DTS-HD.MA.5.1.x265-beAst.mkv
Elemental.2023.2160p.iTunes.WEB-DL.DDP.7.1.Atmos.DV.H.265-DreamHD.mkv,19810536652,18.45 GB,/Volumes/Media_Lib/Movies/0-Latest Movies/疯狂元素城[杜比视界版本][简繁英字幕].Elemental.2023.2160p.iTunes.WEB-DL.DDP.7.1.Atmos.DV.H.265-DreamHD/Elemental.2023.2160p.iTunes.WEB-DL.DDP.7.1.Atmos.DV.H.265-DreamHD.mkv,/Volumes/Media_Lib-1/疯狂元素城[杜比视界版本][简繁英字幕].Elemental.2023.2160p.iTunes.WEB-DL.DDP.7.1.Atmos.DV.H.265-DreamHD/Elemental.2023.2160p.iTunes.WEB-DL.DDP.7.1.Atmos.DV.H.265-DreamHD.mkv
Everything.Everywhere.All.at.Once.2022.2160p.BluRay.x265.10bit.Atmos.TrueHD7.1-WiKi.mkv,23686744637,22.06 GB,/Volumes/Media_Lib/Movies/Everything.Everywhere.All.at.Once.2022.2160p.BluRay.x265.10bit.Atmos.TrueHD7.1-WiKi/Everything.Everywhere.All.at.Once.2022.2160p.BluRay.x265.10bit.Atmos.TrueHD7.1-WiKi.mkv,/Volumes/Media_Lib-1/Everything.Everywhere.All.at.Once.2022.2160p.BluRay.x265.10bit.Atmos.TrueHD7.1-WiKi/Everything.Everywhere.All.at.Once.2022.2160p.BluRay.x265.10bit.Atmos.TrueHD7.1-WiKi.mkv
Following.1998.CC.Bluray.1080p.x265.10bit.MNHD-FRDS.mkv,7892002406,7.35 GB,/Volumes/Media_Lib/Movies/0-克里斯托弗·诺兰导演合集/Following.1998.CC.Bluray.1080p.x265.10bit.MNHD-FRDS/Following.1998.CC.Bluray.1080p.x265.10bit.MNHD-FRDS.mkv,/Volumes/Media_Lib-1/克里斯托弗·罗兰导演合集/Following.1998.CC.Bluray.1080p.x265.10bit.MNHD-FRDS/Following.1998.CC.Bluray.1080p.x265.10bit.MNHD-FRDS.mkv
Fury.2014.UHD.Blu-ray.2160p.10bit.HDR.2Audio.TrueHD(Atmos).7.1.x265-beAst.mkv,37258841292,34.70 GB,/Volumes/Media_Lib/Movies/Fury.2014.UHD.Blu-ray.2160p.10bit.HDR.2Audio.TrueHD(Atmos).7.1.x265-beAst/Fury.2014.UHD.Blu-ray.2160p.10bit.HDR.2Audio.TrueHD(Atmos).7.1.x265-beAst.mkv,/Volumes/Media_Lib-1/Fury.2014.UHD.Blu-ray.2160p.10bit.HDR.2Audio.TrueHD(Atmos).7.1.x265-beAst/Fury.2014.UHD.Blu-ray.2160p.10bit.HDR.2Audio.TrueHD(Atmos).7.1.x265-beAst.mkv
Gladiator.2000.EXTENDED.2160p.BluRay.REMUX.HEVC.DTS-X.7.1-FGT.mkv,74120398110,69.03 GB,/Volumes/Media_Lib/Movies/角斗士4K REMUX (2000)/Gladiator.2000.EXTENDED.2160p.BluRay.REMUX.HEVC.DTS-X.7.1-FGT.mkv,/Volumes/Media_Lib-1/角斗士4K REMUX (2000)/Gladiator.2000.EXTENDED.2160p.BluRay.REMUX.HEVC.DTS-X.7.1-FGT.mkv
Glass.Onion.A.Knives.Out.Mystery.2022.1080p.NF.WEB-DL.DDP5.1.Atmos.H.264-SMURF.mkv,7870527569,7.33 GB,/Volumes/Media_Lib/Movies/0-Latest Movies/Glass.Onion.A.Knives.Out.Mystery.2022.1080p.NF.WEBRip.DDP5.1.Atmos.x264-SMURF/Glass.Onion.A.Knives.Out.Mystery.2022.1080p.NF.WEB-DL.DDP5.1.Atmos.H.264-SMURF.mkv,/Volumes/Media_Lib-1/Glass.Onion.A.Knives.Out.Mystery.2022.1080p.NF.WEBRip.DDP5.1.Atmos.x264-SMURF/Glass.Onion.A.Knives.Out.Mystery.2022.1080p.NF.WEB-DL.DDP5.1.Atmos.H.264-SMURF.mkv
Gold.2016.BluRay.1080p.x265.10bit.DDP5.1.MNHD-FRDS.mkv,7129645711,6.64 GB,/Volumes/Media_Lib/Movies/金矿.Gold.2016.BluRay.1080p.x265.10bit.DDP5.1.MNHD-FRDS/Gold.2016.BluRay.1080p.x265.10bit.DDP5.1.MNHD-FRDS.mkv,/Volumes/Media_Lib-1/金矿.Gold.2016.BluRay.1080p.x265.10bit.DDP5.1.MNHD-FRDS/Gold.2016.BluRay.1080p.x265.10bit.DDP5.1.MNHD-FRDS.mkv
Gone.Girl.2014.BluRay.1080p.DTS-HD.MA.7.1.x265.10bit-BeiTai.mkv,8708046192,8.11 GB,/Volumes/Media_Lib/Movies/Gone.Girl.2014.BluRay.1080p.DTS-HD.MA.7.1.x265.10bit-BeiTai/Gone.Girl.2014.BluRay.1080p.DTS-HD.MA.7.1.x265.10bit-BeiTai.mkv,/Volumes/Media_Lib-1/Gone.Girl.2014.BluRay.1080p.DTS-HD.MA.7.1.x265.10bit-BeiTai/Gone.Girl.2014.BluRay.1080p.DTS-HD.MA.7.1.x265.10bit-BeiTai.mkv
Green.Book.2018.UHD.BluRay.2160p.TrueHD(Atmos).7.1.HDR.10bit.x265-beAst.mkv,31707596062,29.53 GB,/Volumes/Media_Lib/Movies/Green.Book.2018.UHD.BluRay.2160p.TrueHD(Atmos).7.1.HDR.10bit.x265-beAst/Green.Book.2018.UHD.BluRay.2160p.TrueHD(Atmos).7.1.HDR.10bit.x265-beAst.mkv,/Volumes/Media_Lib-1/Green.Book.2018.UHD.BluRay.2160p.TrueHD(Atmos).7.1.HDR.10bit.x265-beAst/Green.Book.2018.UHD.BluRay.2160p.TrueHD(Atmos).7.1.HDR.10bit.x265-beAst.mkv
Inception.2010.UHD.BluRay.2160p.10bit.HDR.2Audio.DTS-HD.MA.5.1.x265-beAst.mkv,39277475921,36.58 GB,/Volumes/Media_Lib/Movies/0-克里斯托弗·诺兰导演合集/Inception.2010.UHD.BluRay.2160p.10bit.HDR.2Audio.DTS-HD.MA.5.1.TrueHD.5.1.x265-beAst/Inception.2010.UHD.BluRay.2160p.10bit.HDR.2Audio.DTS-HD.MA.5.1.x265-beAst.mkv,/Volumes/Media_Lib-1/克里斯托弗·罗兰导演合集/Inception.2010.UHD.BluRay.2160p.10bit.HDR.2Audio.DTS-HD.MA.5.1.TrueHD.5.1.x265-beAst/Inception.2010.UHD.BluRay.2160p.10bit.HDR.2Audio.DTS-HD.MA.5.1.x265-beAst.mkv
Indiana.Jones.and.the.Dial.of.Destiny.2023.2160p.WEB-DL.DDP5.1.Atmos.DV.HDR.H.265-Thor@HDSky.mkv,29817810452,27.77 GB,/Volumes/Media_Lib/Movies/0-Latest Movies/Indiana.Jones.and.the.Dial.of.Destiny.2023.2160p.WEB-DL.DDP5.1.Atmos.DV.HDR.H.265-Thor@HDSky.mkv,/Volumes/Media_Lib-1/Indiana.Jones.and.the.Dial.of.Destiny.2023.2160p.WEB-DL.DDP5.1.Atmos.DV.HDR.H.265-Thor@HDSky.mkv
Ip.Man.1.2008.USA.UHD.Blu-ray.2160p.10bit.DoVi.3Audio.TrueHD(Atmos).7.1.x265-beAst.mkv,33930241638,31.60 GB,/Volumes/Media_Lib/Movies/Ip.Man.4-Movie.Collection.2008-2019.USA.UHD.Blu-ray.2160p.10bit.DoVi.3Audio.TrueHD(Atmos).7.1.x265-beAst/Ip.Man.1.2008.USA.UHD.Blu-ray.2160p.10bit.DoVi.3Audio.TrueHD(Atmos).7.1.x265-beAst.mkv,/Volumes/Media_Lib-1/Ip.Man.4-Movie.Collection.2008-2019.USA.UHD.Blu-ray.2160p.10bit.DoVi.3Audio.TrueHD(Atmos).7.1.x265-beAst/Ip.Man.1.2008.USA.UHD.Blu-ray.2160p.10bit.DoVi.3Audio.TrueHD(Atmos).7.1.x265-beAst.mkv
Ip.Man.2.2010.USA.UHD.Blu-ray.2160p.10bit.DoVi.3Audio.TrueHD(Atmos).7.1.x265-beAst.mkv,38472169553,35.83 GB,/Volumes/Media_Lib/Movies/Ip.Man.4-Movie.Collection.2008-2019.USA.UHD.Blu-ray.2160p.10bit.DoVi.3Audio.TrueHD(Atmos).7.1.x265-beAst/Ip.Man.2.2010.USA.UHD.Blu-ray.2160p.10bit.DoVi.3Audio.TrueHD(Atmos).7.1.x265-beAst.mkv,/Volumes/Media_Lib-1/Ip.Man.4-Movie.Collection.2008-2019.USA.UHD.Blu-ray.2160p.10bit.DoVi.3Audio.TrueHD(Atmos).7.1.x265-beAst/Ip.Man.2.2010.USA.UHD.Blu-ray.2160p.10bit.DoVi.3Audio.TrueHD(Atmos).7.1.x265-beAst.mkv
Ip.Man.3.2015.USA.UHD.Blu-ray.2160p.10bit.DoVi.3Audio.TrueHD(Atmos).7.1.x265-beAst.mkv,19670950215,18.32 GB,/Volumes/Media_Lib/Movies/Ip.Man.4-Movie.Collection.2008-2019.USA.UHD.Blu-ray.2160p.10bit.DoVi.3Audio.TrueHD(Atmos).7.1.x265-beAst/Ip.Man.3.2015.USA.UHD.Blu-ray.2160p.10bit.DoVi.3Audio.TrueHD(Atmos).7.1.x265-beAst.mkv,/Volumes/Media_Lib-1/Ip.Man.4-Movie.Collection.2008-2019.USA.UHD.Blu-ray.2160p.10bit.DoVi.3Audio.TrueHD(Atmos).7.1.x265-beAst/Ip.Man.3.2015.USA.UHD.Blu-ray.2160p.10bit.DoVi.3Audio.TrueHD(Atmos).7.1.x265-beAst.mkv
Ip.Man.4.The.Finale.2019.USA.UHD.Blu-ray.2160p.10bit.DoVi.3Audio.TrueHD(Atmos).7.1.x265-beAst.mkv,18758269665,17.47 GB,/Volumes/Media_Lib/Movies/Ip.Man.4-Movie.Collection.2008-2019.USA.UHD.Blu-ray.2160p.10bit.DoVi.3Audio.TrueHD(Atmos).7.1.x265-beAst/Ip.Man.4.The.Finale.2019.USA.UHD.Blu-ray.2160p.10bit.DoVi.3Audio.TrueHD(Atmos).7.1.x265-beAst.mkv,/Volumes/Media_Lib-1/Ip.Man.4-Movie.Collection.2008-2019.USA.UHD.Blu-ray.2160p.10bit.DoVi.3Audio.TrueHD(Atmos).7.1.x265-beAst/Ip.Man.4.The.Finale.2019.USA.UHD.Blu-ray.2160p.10bit.DoVi.3Audio.TrueHD(Atmos).7.1.x265-beAst.mkv
Jason.Bourne.2016.BluRay.2160p.x265.10bit.4Audio.mUHD-FRDS.mkv,34510062223,32.14 GB,/Volumes/Media_Lib/Movies/0-谍影重重合集/谍影重重5.Jason.Bourne.2016.BluRay.2160p.x265.10bit.4Audio.mUHD-FRDS/Jason.Bourne.2016.BluRay.2160p.x265.10bit.4Audio.mUHD-FRDS.mkv,/Volumes/Media_Lib-1/谍影重重系列/谍影重重5.Jason.Bourne.2016.BluRay.2160p.x265.10bit.4Audio.mUHD-FRDS/Jason.Bourne.2016.BluRay.2160p.x265.10bit.4Audio.mUHD-FRDS.mkv
John.Wick.2014.2160p.BluRay.REMUX.HEVC.DTS-HD.MA.TrueHD.7.1.Atmos.mkv,52838835159,49.21 GB,/Volumes/Media_Lib/Movies/J 疾速追杀系列.John.Wick.Chapter（1-3）/John.Wick.2014.2160p.BluRay.REMUX.HEVC.DTS-HD.MA.TrueHD.7.1.Atmos.mkv,/Volumes/Media_Lib-1/J 疾速追杀系列.John.Wick.Chapter（1-3）/John.Wick.2014.2160p.BluRay.REMUX.HEVC.DTS-HD.MA.TrueHD.7.1.Atmos.mkv
John.Wick.Chapter.2.2017.2160p.BluRay.REMUX.HEVC.DTS-HD.MA.TrueHD.7.1.Atmos.mkv,82334523064,76.68 GB,/Volumes/Media_Lib/Movies/J 疾速追杀系列.John.Wick.Chapter（1-3）/John.Wick.Chapter.2.2017.2160p.BluRay.REMUX.HEVC.DTS-HD.MA.TrueHD.7.1.Atmos.mkv,/Volumes/Media_Lib-1/J 疾速追杀系列.John.Wick.Chapter（1-3）/John.Wick.Chapter.2.2017.2160p.BluRay.REMUX.HEVC.DTS-HD.MA.TrueHD.7.1.Atmos.mkv
John.Wick.Chapter.3.Parabellum.2019.2160p.BluRay.REMUX.HEVC.DTS-HD.MA.TrueHD.7.1.Atmos.mkv,79736067850,74.26 GB,/Volumes/Media_Lib/Movies/J 疾速追杀系列.John.Wick.Chapter（1-3）/John.Wick.Chapter.3.Parabellum.2019.2160p.BluRay.REMUX.HEVC.DTS-HD.MA.TrueHD.7.1.Atmos.mkv,/Volumes/Media_Lib-1/J 疾速追杀系列.John.Wick.Chapter（1-3）/John.Wick.Chapter.3.Parabellum.2019.2160p.BluRay.REMUX.HEVC.DTS-HD.MA.TrueHD.7.1.Atmos.mkv
John.Wick.Chapter.4.2023.2160p.WEB-DL.HEVC.Atmos.DDP5.1-HDH.mkv,26950919782,25.10 GB,/Volumes/Media_Lib/Movies/J 疾速追杀系列.John.Wick.Chapter（1-3）/John.Wick.Chapter.4.2023.2160p.WEB-DL.HEVC.Atmos.DDP5.1-HDH/John.Wick.Chapter.4.2023.2160p.WEB-DL.HEVC.Atmos.DDP5.1-HDH.mkv,/Volumes/Media_Lib-1/John.Wick.Chapter.4.2023.2160p.WEB-DL.HEVC.Atmos.DDP5.1-HDH/John.Wick.Chapter.4.2023.2160p.WEB-DL.HEVC.Atmos.DDP5.1-HDH.mkv
Kingdom.of.Heaven.2005.UHD.BluRay.2160p.x265.DV.HDR.TrueHD.7.1.mUHD-FRDS.mkv,36958193582,34.42 GB,/Volumes/Media_Lib/Movies/天国王朝.Kingdom.of.Heaven.2005.UHD.BluRay.2160p.x265.DV.HDR.TrueHD.7.1.mUHD-FRDS/天国王朝.Kingdom.of.Heaven.2005.UHD.BluRay.2160p.x265.DV.HDR.TrueHD.7.1.mUHD-FRDS/Kingdom.of.Heaven.2005.UHD.BluRay.2160p.x265.DV.HDR.TrueHD.7.1.mUHD-FRDS.mkv,/Volumes/Media_Lib-1/天国王朝.Kingdom.of.Heaven.2005.UHD.BluRay.2160p.x265.DV.HDR.TrueHD.7.1.mUHD-FRDS/天国王朝.Kingdom.of.Heaven.2005.UHD.BluRay.2160p.x265.DV.HDR.TrueHD.7.1.mUHD-FRDS/Kingdom.of.Heaven.2005.UHD.BluRay.2160p.x265.DV.HDR.TrueHD.7.1.mUHD-FRDS.mkv
Lawrence.of.Arabia.1962.Repack.UHD.BluRay.Part.1.2160p.10bit.DoVi.3Audio.TrueHD(Atmos).7.1.x265-beAst.mkv,37752762531,35.16 GB,/Volumes/Media_Lib/Movies/Lawrence.of.Arabia.1962.Repack.UHD.BluRay.2160p.10bit.DoVi.3Audio.TrueHD(Atmos).7.1.x265-beAst/Lawrence.of.Arabia.1962.Repack.UHD.BluRay.Part.1.2160p.10bit.DoVi.3Audio.TrueHD(Atmos).7.1.x265-beAst.mkv,/Volumes/Media_Lib-1/Lawrence.of.Arabia.1962.Repack.UHD.BluRay.2160p.10bit.DoVi.3Audio.TrueHD(Atmos).7.1.x265-beAst/Lawrence.of.Arabia.1962.Repack.UHD.BluRay.Part.1.2160p.10bit.DoVi.3Audio.TrueHD(Atmos).7.1.x265-beAst.mkv
Lawrence.of.Arabia.1962.Repack.UHD.BluRay.Part.2.2160p.10bit.DoVi.3Audio.TrueHD(Atmos).7.1.x265-beAst.mkv,24771223879,23.07 GB,/Volumes/Media_Lib/Movies/Lawrence.of.Arabia.1962.Repack.UHD.BluRay.2160p.10bit.DoVi.3Audio.TrueHD(Atmos).7.1.x265-beAst/Lawrence.of.Arabia.1962.Repack.UHD.BluRay.Part.2.2160p.10bit.DoVi.3Audio.TrueHD(Atmos).7.1.x265-beAst.mkv,/Volumes/Media_Lib-1/Lawrence.of.Arabia.1962.Repack.UHD.BluRay.2160p.10bit.DoVi.3Audio.TrueHD(Atmos).7.1.x265-beAst/Lawrence.of.Arabia.1962.Repack.UHD.BluRay.Part.2.2160p.10bit.DoVi.3Audio.TrueHD(Atmos).7.1.x265-beAst.mkv
Logan.2017.BluRay.2160p.x265.10bit.HDR.4Audio.mUHD-FRDS.mkv,20895015895,19.46 GB,/Volumes/Media_Lib/Movies/0-X战警合集/金刚狼3.殊死一战.Logan.2017.BluRay.2160p.x265.10bit.HDR.4Audio.mUHD-FRDS/Logan.2017.BluRay.2160p.x265.10bit.HDR.4Audio.mUHD-FRDS.mkv,/Volumes/Media_Lib-1/金刚狼3：殊死一战.Logan.2017.BluRay.2160p.x265.10bit.HDR.4Audio.mUHD-FRDS/Logan.2017.BluRay.2160p.x265.10bit.HDR.4Audio.mUHD-FRDS.mkv
Love.Letter.1995.BluRay.1080p.3Audio.TrueHD.5.1.x264-beAst.mkv,13915694039,12.96 GB,/Volumes/Media_Lib/Movies/Love.Letter.1995.BluRay.1080p.3Audio.TrueHD.5.1.x264-beAst/Love.Letter.1995.BluRay.1080p.3Audio.TrueHD.5.1.x264-beAst.mkv,/Volumes/Media_Lib-1/Love.Letter.1995.BluRay.1080p.3Audio.TrueHD.5.1.x264-beAst/Love.Letter.1995.BluRay.1080p.3Audio.TrueHD.5.1.x264-beAst.mkv
Luca.2021.UHD.Blu-ray.2160p.10bit.HDR.4Audio.TrueHD(Atmos).7.1.x265-beAst.mkv,27069031383,25.21 GB,/Volumes/Media_Lib/Kid/Luca.2021.UHD.Blu-ray.2160p.10bit.HDR.4Audio.TrueHD(Atmos).7.1.x265-beAst/Luca.2021.UHD.Blu-ray.2160p.10bit.HDR.4Audio.TrueHD(Atmos).7.1.x265-beAst.mkv,/Volumes/Media_Lib-1/Luca.2021.UHD.Blu-ray.2160p.10bit.HDR.4Audio.TrueHD(Atmos).7.1.x265-beAst/Luca.2021.UHD.Blu-ray.2160p.10bit.HDR.4Audio.TrueHD(Atmos).7.1.x265-beAst.mkv
Memento.2000.BluRay.1080p.DTS-HD.MA5.1.x265.10bit-BeiTai.mkv,11907796828,11.09 GB,/Volumes/Media_Lib/Movies/0-克里斯托弗·诺兰导演合集/Memento.2000.BluRay.1080p.DTS-HD.MA5.1.x265.10bit-BeiTai/Memento.2000.BluRay.1080p.DTS-HD.MA5.1.x265.10bit-BeiTai.mkv,/Volumes/Media_Lib-1/克里斯托弗·罗兰导演合集/Memento.2000.BluRay.1080p.DTS-HD.MA5.1.x265.10bit-BeiTai/Memento.2000.BluRay.1080p.DTS-HD.MA5.1.x265.10bit-BeiTai.mkv
Mission.Impossible.1996.BluRay.2160p.H265.10bit.HDR.TrueHD.ZH-EN.CHS-ENG.BOBO.mkv,17813376860,16.59 GB,/Volumes/Media_Lib/Movies/0-碟中谍合集/Mission.Impossible.1996.BluRay.2160p.H265.10bit.HDR.TrueHD.ZH-EN.CHS-ENG.BOBO.mkv,/Volumes/Media_Lib-1/碟中谍系列/Mission.Impossible.1996.BluRay.2160p.H265.10bit.HDR.TrueHD.ZH-EN.CHS-ENG.BOBO.mkv
Mission.Impossible.Dead.Reckoning.Part.One.2023.V2.2160p.HQ.WEB-DL.H265.DDP5.1.2Audio-CHDWEB.mkv,25415468974,23.67 GB,/Volumes/Media_Lib/Movies/0-Latest Movies/碟中谍7：致命清算（上）.Mission.Impossible.Dead.Reckoning.Part.One.2023.V2.2160p.HQ.WEB-DL.H265.DDP5.1.2Audio-CHDWEB/Mission.Impossible.Dead.Reckoning.Part.One.2023.V2.2160p.HQ.WEB-DL.H265.DDP5.1.2Audio-CHDWEB.mkv,/Volumes/Media_Lib-1/碟中谍7：致命清算（上）.Mission.Impossible.Dead.Reckoning.Part.One.2023.V2.2160p.HQ.WEB-DL.H265.DDP5.1.2Audio-CHDWEB/Mission.Impossible.Dead.Reckoning.Part.One.2023.V2.2160p.HQ.WEB-DL.H265.DDP5.1.2Audio-CHDWEB.mkv
Mission.Impossible.Fallout .2018.BluRay.2160p.H265.10bit.HDR.TrueHD.ZH-EN.CHS-ENG.BOBO.mkv,20540681093,19.13 GB,/Volumes/Media_Lib/Movies/0-碟中谍合集/Mission.Impossible.Fallout .2018.BluRay.2160p.H265.10bit.HDR.TrueHD.ZH-EN.CHS-ENG.BOBO.mkv,/Volumes/Media_Lib-1/碟中谍系列/Mission.Impossible.Fallout .2018.BluRay.2160p.H265.10bit.HDR.TrueHD.ZH-EN.CHS-ENG.BOBO.mkv
Mission.Impossible.II.2000.BluRay.2160p.H265.10bit.HDR.TrueHD.ZH-EN.CHS-ENG.BOBO.mkv,19177028976,17.86 GB,/Volumes/Media_Lib/Movies/0-碟中谍合集/Mission.Impossible.II.2000.BluRay.2160p.H265.10bit.HDR.TrueHD.ZH-EN.CHS-ENG.BOBO.mkv,/Volumes/Media_Lib-1/碟中谍系列/Mission.Impossible.II.2000.BluRay.2160p.H265.10bit.HDR.TrueHD.ZH-EN.CHS-ENG.BOBO.mkv
Mission.Impossible.III.2006.BluRay.2160p.H265.10bit.HDR.TrueHD.ZH-EN.CHS-ENG.BOBO.mkv,15397457756,14.34 GB,/Volumes/Media_Lib/Movies/0-碟中谍合集/Mission.Impossible.III.2006.BluRay.2160p.H265.10bit.HDR.TrueHD.ZH-EN.CHS-ENG.BOBO.mkv,/Volumes/Media_Lib-1/碟中谍系列/Mission.Impossible.III.2006.BluRay.2160p.H265.10bit.HDR.TrueHD.ZH-EN.CHS-ENG.BOBO.mkv
Mission.Impossible.IV.Ghost.Protocol.2011.BluRay.2160p.H265.10bit.HDR.TrueHD.ZH-EN.CHS-ENG.BOBO.mkv,18446884536,17.18 GB,/Volumes/Media_Lib/Movies/0-碟中谍合集/Mission.Impossible.IV.Ghost.Protocol.2011.BluRay.2160p.H265.10bit.HDR.TrueHD.ZH-EN.CHS-ENG.BOBO.mkv,/Volumes/Media_Lib-1/碟中谍系列/Mission.Impossible.IV.Ghost.Protocol.2011.BluRay.2160p.H265.10bit.HDR.TrueHD.ZH-EN.CHS-ENG.BOBO.mkv
Mission.Impossible.V.Rogue.Nation.2015.BluRay.2160p.H265.10bit.HDR.TrueHD.ZH-EN.CHS-ENG.BOBO.mkv,19402514759,18.07 GB,/Volumes/Media_Lib/Movies/0-碟中谍合集/Mission.Impossible.V.Rogue.Nation.2015.BluRay.2160p.H265.10bit.HDR.TrueHD.ZH-EN.CHS-ENG.BOBO.mkv,/Volumes/Media_Lib-1/碟中谍系列/Mission.Impossible.V.Rogue.Nation.2015.BluRay.2160p.H265.10bit.HDR.TrueHD.ZH-EN.CHS-ENG.BOBO.mkv
Napoleon.2023.2160p.iT.WEB-DL.DDP5.1.Atmos.HDR.H.265-HHWEB.mkv,22000969973,20.49 GB,/Volumes/Media_Lib/Movies/0-Latest Movies/Napoleon.2023.2160p.iT.WEB-DL.DDP5.1.Atmos.HDR.H.265-HHWEB/Napoleon.2023.2160p.iT.WEB-DL.DDP5.1.Atmos.HDR.H.265-HHWEB.mkv,/Volumes/Media_Lib-1/Napoleon.2023.2160p.iT.WEB-DL.DDP5.1.Atmos.HDR.H.265-HHWEB/Napoleon.2023.2160p.iT.WEB-DL.DDP5.1.Atmos.HDR.H.265-HHWEB.mkv
Oppenheimer.2023.2160p.UHD.BluRay.HEVC.HDR.HLG.10Bit.DTS-HD.MA.5.1-R&H.mkv,48329119498,45.01 GB,/Volumes/Media_Lib/Movies/0-Latest Movies/Oppenheimer.2023.2160p.UHD.BluRay.HEVC.HDR.HLG.10Bit.DTS-HD.MA.5.1-R&H.mkv,/Volumes/Media_Lib-1/Oppenheimer.2023.2160p.UHD.BluRay.HEVC.HDR.HLG.10Bit.DTS-HD.MA.5.1-R&H.mkv
Oppenheimer.2023.Repack.IMAX.UHD.BluRay.2160p.10bit.DoVi.2Audio.DTS-HD.MA.5.1.x265-beAst.mkv,34424162877,32.06 GB,/Volumes/Media_Lib/Movies/0-Latest Movies/Oppenheimer.2023.Repack.IMAX.UHD.BluRay.2160p.10bit.DoVi.2Audio.DTS-HD.MA.5.1.x265-beAst/Oppenheimer.2023.Repack.IMAX.UHD.BluRay.2160p.10bit.DoVi.2Audio.DTS-HD.MA.5.1.x265-beAst.mkv,/Volumes/Media_Lib-1/Oppenheimer.2023.Repack.IMAX.UHD.BluRay.2160p.10bit.DoVi.2Audio.DTS-HD.MA.5.1.x265-beAst/Oppenheimer.2023.Repack.IMAX.UHD.BluRay.2160p.10bit.DoVi.2Audio.DTS-HD.MA.5.1.x265-beAst.mkv
Our.Planet.2019.S02E01.Chapter.1.World.on.the.Move.2160p.NF.WEB-DL.DDP5.1.Atmos.DV.HDR.H.265-FLUX.mkv,7033008947,6.55 GB,/Volumes/Media_Lib/Documentary/Our.Planet.2019.S02.2160p.NF.WEB-DL.DDP5.1.Atmos.DV.HDR.H.265-FLUX/Our.Planet.2019.S02E01.Chapter.1.World.on.the.Move.2160p.NF.WEB-DL.DDP5.1.Atmos.DV.HDR.H.265-FLUX.mkv,/Volumes/Media_Lib-1/Our.Planet.2019.S02.2160p.NF.WEB-DL.DDP5.1.Atmos.DV.HDR.H.265-FLUX/Our.Planet.2019.S02E01.Chapter.1.World.on.the.Move.2160p.NF.WEB-DL.DDP5.1.Atmos.DV.HDR.H.265-FLUX.mkv
Our.Planet.2019.S02E02.Chapter.2.Following.the.Sun.2160p.NF.WEB-DL.DDP5.1.Atmos.DV.HDR.H.265-FLUX.mkv,4853313044,4.52 GB,/Volumes/Media_Lib/Documentary/Our.Planet.2019.S02.2160p.NF.WEB-DL.DDP5.1.Atmos.DV.HDR.H.265-FLUX/Our.Planet.2019.S02E02.Chapter.2.Following.the.Sun.2160p.NF.WEB-DL.DDP5.1.Atmos.DV.HDR.H.265-FLUX.mkv,/Volumes/Media_Lib-1/Our.Planet.2019.S02.2160p.NF.WEB-DL.DDP5.1.Atmos.DV.HDR.H.265-FLUX/Our.Planet.2019.S02E02.Chapter.2.Following.the.Sun.2160p.NF.WEB-DL.DDP5.1.Atmos.DV.HDR.H.265-FLUX.mkv
Our.Planet.2019.S02E03.Chapter.3.The.Next.Generation.2160p.NF.WEB-DL.DDP5.1.Atmos.DV.HDR.H.265-FLUX.mkv,7355131494,6.85 GB,/Volumes/Media_Lib/Documentary/Our.Planet.2019.S02.2160p.NF.WEB-DL.DDP5.1.Atmos.DV.HDR.H.265-FLUX/Our.Planet.2019.S02E03.Chapter.3.The.Next.Generation.2160p.NF.WEB-DL.DDP5.1.Atmos.DV.HDR.H.265-FLUX.mkv,/Volumes/Media_Lib-1/Our.Planet.2019.S02.2160p.NF.WEB-DL.DDP5.1.Atmos.DV.HDR.H.265-FLUX/Our.Planet.2019.S02E03.Chapter.3.The.Next.Generation.2160p.NF.WEB-DL.DDP5.1.Atmos.DV.HDR.H.265-FLUX.mkv
Our.Planet.2019.S02E04.Chapter.4.Freedom.to.Roam.2160p.NF.WEB-DL.DDP5.1.Atmos.DV.HDR.H.265-FLUX.mkv,7387343749,6.88 GB,/Volumes/Media_Lib/Documentary/Our.Planet.2019.S02.2160p.NF.WEB-DL.DDP5.1.Atmos.DV.HDR.H.265-FLUX/Our.Planet.2019.S02E04.Chapter.4.Freedom.to.Roam.2160p.NF.WEB-DL.DDP5.1.Atmos.DV.HDR.H.265-FLUX.mkv,/Volumes/Media_Lib-1/Our.Planet.2019.S02.2160p.NF.WEB-DL.DDP5.1.Atmos.DV.HDR.H.265-FLUX/Our.Planet.2019.S02E04.Chapter.4.Freedom.to.Roam.2160p.NF.WEB-DL.DDP5.1.Atmos.DV.HDR.H.265-FLUX.mkv
Parasite.2019.2160p.BluRay.x265.10bit.Atmos.TrueHD7.1-WiKi.mkv,27638114549,25.74 GB,/Volumes/Media_Lib/Movies/Parasite.2019.2160p.BluRay.x265.10bit.Atmos.TrueHD7.1-WiKi/Parasite.2019.2160p.BluRay.x265.10bit.Atmos.TrueHD7.1-WiKi.mkv,/Volumes/Media_Lib-1/Parasite.2019.2160p.BluRay.x265.10bit.Atmos.TrueHD7.1-WiKi/Parasite.2019.2160p.BluRay.x265.10bit.Atmos.TrueHD7.1-WiKi.mkv
Pinocchio.2022.DV.2160p.WEB.h265-KOGi.mkv,13582834073,12.65 GB,/Volumes/Media_Lib/Kid/Pinocchio.2022.2160p.DSNP.WEB-DL.DDP5.1.Atmos.DV.MKV.x265-KOGi/Pinocchio.2022.DV.2160p.WEB.h265-KOGi.mkv,/Volumes/Media_Lib-1/Pinocchio.2022.2160p.DSNP.WEB-DL.DDP5.1.Atmos.DV.MKV.x265-KOGi/Pinocchio.2022.DV.2160p.WEB.h265-KOGi.mkv
Poor.Things.2023.V2.2160p.iT.WEB-DL.H265.DV.DDP5.1.Atmos-ADWeb.mkv,26940182364,25.09 GB,/Volumes/Media_Lib/Movies/0-Latest Movies/Poor.Things.2023.V2.2160p.iT.WEB-DL.H265.DV.DDP5.1.Atmos-ADWeb/Poor.Things.2023.V2.2160p.iT.WEB-DL.H265.DV.DDP5.1.Atmos-ADWeb.mkv,/Volumes/Media_Lib-1/Poor.Things.2023.V2.2160p.iT.WEB-DL.H265.DV.DDP5.1.Atmos-ADWeb/Poor.Things.2023.V2.2160p.iT.WEB-DL.H265.DV.DDP5.1.Atmos-ADWeb.mkv
Predestination.2014.1080p.BluRay.REMUX.AVC.DTS-HD.MA.5.1-RARBG.mkv,20315195310,18.92 GB,/Volumes/Media_Lib/Movies/Predestination.2014.1080p.BluRay.REMUX.AVC.DTS-HD.MA.5.1-RARBG/Predestination.2014.1080p.BluRay.REMUX.AVC.DTS-HD.MA.5.1-RARBG.mkv,/Volumes/Media_Lib-1/Predestination.2014.1080p.BluRay.REMUX.AVC.DTS-HD.MA.5.1-RARBG/Predestination.2014.1080p.BluRay.REMUX.AVC.DTS-HD.MA.5.1-RARBG.mkv
Pulp.Fiction.1994.2160p.HDR.UHD.BluRay.DTS-HD.MA.5.1.x265-10bit-HDS.mkv,30440580710,28.35 GB,/Volumes/Media_Lib/Movies/Pulp.Fiction.1994.2160p.HDR.UHD.BluRay.DTS-HD.MA.5.1.x265-10bit-HDS/Pulp.Fiction.1994.2160p.HDR.UHD.BluRay.DTS-HD.MA.5.1.x265-10bit-HDS.mkv,/Volumes/Media_Lib-1/Pulp.Fiction.1994.2160p.HDR.UHD.BluRay.DTS-HD.MA.5.1.x265-10bit-HDS/Pulp.Fiction.1994.2160p.HDR.UHD.BluRay.DTS-HD.MA.5.1.x265-10bit-HDS.mkv
Puss.in.Boots.The.Last.Wish.2022.2160p.MA.WEB-DL.DDP5.1.Atmos.DV.H.265-CMRG.mkv,19381039923,18.05 GB,/Volumes/Media_Lib/Kid/Puss.in.Boots.The.Last.Wish.2022.2160p.MA.WEB-DL.DDP5.1.Atmos.DV.MKV.x265-CM/Puss.in.Boots.The.Last.Wish.2022.2160p.MA.WEB-DL.DDP5.1.Atmos.DV.H.265-CMRG.mkv,/Volumes/Media_Lib-1/Puss.in.Boots.The.Last.Wish.2022.2160p.MA.WEB-DL.DDP5.1.Atmos.DV.MKV.x265-CM/Puss.in.Boots.The.Last.Wish.2022.2160p.MA.WEB-DL.DDP5.1.Atmos.DV.H.265-CMRG.mkv
Ready.Player.One.2018.2160p.BluRay.REMUX.HEVC.DTS-HD.MA.TrueHD.7.1.Atmos-FGT.mkv,83988085473,78.22 GB,/Volumes/Media_Lib/Movies/头号玩家 4K REMUX （蓝光原盘）/Ready.Player.One.2018.2160p.BluRay.REMUX.HEVC.DTS-HD.MA.TrueHD.7.1.Atmos-FGT/Ready.Player.One.2018.2160p.BluRay.REMUX.HEVC.DTS-HD.MA.TrueHD.7.1.Atmos-FGT.mkv,/Volumes/Media_Lib-1/头号玩家 4K REMUX （蓝光原盘）/Ready.Player.One.2018.2160p.BluRay.REMUX.HEVC.DTS-HD.MA.TrueHD.7.1.Atmos-FGT/Ready.Player.One.2018.2160p.BluRay.REMUX.HEVC.DTS-HD.MA.TrueHD.7.1.Atmos-FGT.mkv
Red.Cliff.Part.1.2008.BluRay.Remux.1080p.DTS-HD.MA.7.1-HDH.mkv,28701118955,26.73 GB,/Volumes/Media_Lib/Movies/Red.Cliff.2008-2009.BluRay.Remux.1080p.DTS-HD.MA.7.1-HDH/Red.Cliff.Part.1.2008.BluRay.Remux.1080p.DTS-HD.MA.7.1-HDH/Red.Cliff.Part.1.2008.BluRay.Remux.1080p.DTS-HD.MA.7.1-HDH.mkv,/Volumes/Media_Lib-1/Red.Cliff.2008-2009.BluRay.Remux.1080p.DTS-HD.MA.7.1-HDH/Red.Cliff.Part.1.2008.BluRay.Remux.1080p.DTS-HD.MA.7.1-HDH/Red.Cliff.Part.1.2008.BluRay.Remux.1080p.DTS-HD.MA.7.1-HDH.mkv
Red.Cliff.Part.2.2009.BluRay.Remux.1080p.DTS-HD.MA.7.1-HDH.mkv,29635274342,27.60 GB,/Volumes/Media_Lib/Movies/Red.Cliff.2008-2009.BluRay.Remux.1080p.DTS-HD.MA.7.1-HDH/Red.Cliff.Part.2.2009.BluRay.Remux.1080p.DTS-HD.MA.7.1-HDH/Red.Cliff.Part.2.2009.BluRay.Remux.1080p.DTS-HD.MA.7.1-HDH.mkv,/Volumes/Media_Lib-1/Red.Cliff.2008-2009.BluRay.Remux.1080p.DTS-HD.MA.7.1-HDH/Red.Cliff.Part.2.2009.BluRay.Remux.1080p.DTS-HD.MA.7.1-HDH/Red.Cliff.Part.2.2009.BluRay.Remux.1080p.DTS-HD.MA.7.1-HDH.mkv
Reservoir.Dogs.1992.2160p.UHD.BluRay.Remux.HEVC.DV.TrueHD.5.1-ADE.mkv,56661356052,52.77 GB,/Volumes/Media_Lib/Movies/Reservoir.Dogs.1992.2160p.UHD.BluRay.Remux.HEVC.DV.TrueHD.5.1-ADE/Reservoir.Dogs.1992.2160p.UHD.BluRay.Remux.HEVC.DV.TrueHD.5.1-ADE.mkv,/Volumes/Media_Lib-1/Reservoir.Dogs.1992.2160p.UHD.BluRay.Remux.HEVC.DV.TrueHD.5.1-ADE/Reservoir.Dogs.1992.2160p.UHD.BluRay.Remux.HEVC.DV.TrueHD.5.1-ADE.mkv
Roman.Holiday.1953.2160p.UHD.Bluray.TrueHD.2.0.DoVi.HDR10.x265-PTer.mkv,26693221744,24.86 GB,/Volumes/Media_Lib/Movies/0-Latest Movies/Roman.Holiday.1953.2160p.UHD.Bluray.TrueHD.2.0.DoVi.HDR10.x265-PTer.mkv,/Volumes/Media_Lib-1/Roman.Holiday.1953.2160p.UHD.Bluray.TrueHD.2.0.DoVi.HDR10.x265-PTer.mkv
Searching.2018.BluRay.1080p.DTS.x264-CHD.mkv,8246337208,7.68 GB,/Volumes/Media_Lib/Movies/Searching.2018.BluRay.1080p.DTS.x264-CHD/Searching.2018.BluRay.1080p.DTS.x264-CHD.mkv,/Volumes/Media_Lib-1/Searching.2018.BluRay.1080p.DTS.x264-CHD/Searching.2018.BluRay.1080p.DTS.x264-CHD.mkv
Shi.Fu.AKA.The.Final.Master.2015.1080p.BluRay.DDP5.1.x264-PTer.mkv,10018011217,9.33 GB,/Volumes/Media_Lib/Movies/0-Latest Movies/Shi.Fu.AKA.The.Final.Master.2015.1080p.BluRay.DDP5.1.x264-PTer.mkv,/Volumes/Media_Lib-1/Shi.Fu.AKA.The.Final.Master.2015.1080p.BluRay.DDP5.1.x264-PTer.mkv
Spider-Man.Across.The.Spider-Verse.2023.BluRay.1080p.3Audio.DTS-HD.MA5.1.x265.10bit-BeiTai.mkv,14227079168,13.25 GB,/Volumes/Media_Lib/Movies/Spider-Man.Across.The.Spider-Verse.2023.BluRay.1080p.3Audio.DTS-HD.MA5.1.x265.10bit-BeiTai/Spider-Man.Across.The.Spider-Verse.2023.BluRay.1080p.3Audio.DTS-HD.MA5.1.x265.10bit-BeiTai.mkv,/Volumes/Media_Lib-1/Spider-Man.Across.The.Spider-Verse.2023.BluRay.1080p.3Audio.DTS-HD.MA5.1.x265.10bit-BeiTai/Spider-Man.Across.The.Spider-Verse.2023.BluRay.1080p.3Audio.DTS-HD.MA5.1.x265.10bit-BeiTai.mkv
Tar.2022.UHD.Blu-ray.2160p.10bit.HDR.TrueHD(Atmos).7.1.x265-beAst.mkv,18210661335,16.96 GB,/Volumes/Media_Lib/Movies/Tar.2022.UHD.Blu-ray.2160p.10bit.HDR.TrueHD(Atmos).7.1.x265-beAst/Tar.2022.UHD.Blu-ray.2160p.10bit.HDR.TrueHD(Atmos).7.1.x265-beAst.mkv,/Volumes/Media_Lib-1/Tar.2022.UHD.Blu-ray.2160p.10bit.HDR.TrueHD(Atmos).7.1.x265-beAst/Tar.2022.UHD.Blu-ray.2160p.10bit.HDR.TrueHD(Atmos).7.1.x265-beAst.mkv
Tenet.2020.IMAX.UHD.BluRay.2160p.10bit.HDR.2Audio.DTS-HD.MA.5.1.x265-beAst.mkv,32298154065,30.08 GB,/Volumes/Media_Lib/Movies/0-克里斯托弗·诺兰导演合集/Tenet.2020.IMAX.UHD.BluRay.2160p.10bit.HDR.2Audio.DTS-HD.MA.5.1.x265-beAst/Tenet.2020.IMAX.UHD.BluRay.2160p.10bit.HDR.2Audio.DTS-HD.MA.5.1.x265-beAst.mkv,/Volumes/Media_Lib-1/克里斯托弗·罗兰导演合集/Tenet.2020.IMAX.UHD.BluRay.2160p.10bit.HDR.2Audio.DTS-HD.MA.5.1.x265-beAst/Tenet.2020.IMAX.UHD.BluRay.2160p.10bit.HDR.2Audio.DTS-HD.MA.5.1.x265-beAst.mkv
The Banshees of Inisherin 2022 MA Hybrid 2160p WEB-DL DV HEVC DTS-HD MA 5.1.mkv,24320252313,22.65 GB,/Volumes/Media_Lib/Movies/The.Banshees.Of.Inisherin.2022.2160p.MA.WEB-DL.x265.10bit.HDR.DTS-HD.MA.5.1-FLUX/The Banshees of Inisherin 2022 MA Hybrid 2160p WEB-DL DV HEVC DTS-HD MA 5.1.mkv,/Volumes/Media_Lib-1/The.Banshees.Of.Inisherin.2022.2160p.MA.WEB-DL.x265.10bit.HDR.DTS-HD.MA.5.1-FLUX/The Banshees of Inisherin 2022 MA Hybrid 2160p WEB-DL DV HEVC DTS-HD MA 5.1.mkv
The.Bourne.Identity.2002.BluRay.2160p.x265.10bit.4Audio.mUHD-FRDS.mkv,18457621954,17.19 GB,/Volumes/Media_Lib/Movies/0-谍影重重合集/谍影重重.The.Bourne.Identity.2002.BluRay.2160p.x265.10bit.4Audio.mUHD-FRDS/The.Bourne.Identity.2002.BluRay.2160p.x265.10bit.4Audio.mUHD-FRDS.mkv,/Volumes/Media_Lib-1/谍影重重系列/谍影重重.The.Bourne.Identity.2002.BluRay.2160p.x265.10bit.4Audio.mUHD-FRDS/The.Bourne.Identity.2002.BluRay.2160p.x265.10bit.4Audio.mUHD-FRDS.mkv
The.Bourne.Legacy.2012.BluRay.2160p.x265.10bit.4Audio.mUHD-FRDS.mkv,35057670553,32.65 GB,/Volumes/Media_Lib/Movies/0-谍影重重合集/谍影重重4.The.Bourne.Legacy.2012.BluRay.2160p.x265.10bit.4Audio.mUHD-FRDS/The.Bourne.Legacy.2012.BluRay.2160p.x265.10bit.4Audio.mUHD-FRDS.mkv,/Volumes/Media_Lib-1/谍影重重系列/谍影重重4.The.Bourne.Legacy.2012.BluRay.2160p.x265.10bit.4Audio.mUHD-FRDS/The.Bourne.Legacy.2012.BluRay.2160p.x265.10bit.4Audio.mUHD-FRDS.mkv
The.Bourne.Supremacy.2004.BluRay.2160p.x265.10bit.4Audio.mUHD-FRDS.mkv,30333206528,28.25 GB,/Volumes/Media_Lib/Movies/0-谍影重重合集/谍影重重2.The.Bourne.Supremacy.2004.BluRay.2160p.x265.10bit.4Audio.mUHD-FRDS/The.Bourne.Supremacy.2004.BluRay.2160p.x265.10bit.4Audio.mUHD-FRDS.mkv,/Volumes/Media_Lib-1/谍影重重系列/谍影重重2.The.Bourne.Supremacy.2004.BluRay.2160p.x265.10bit.4Audio.mUHD-FRDS/The.Bourne.Supremacy.2004.BluRay.2160p.x265.10bit.4Audio.mUHD-FRDS.mkv
The.Bourne.Ultimatum.2007.BluRay.2160p.x265.10bit.4Audio.mUHD-FRDS.mkv,27670326804,25.77 GB,/Volumes/Media_Lib/Movies/0-谍影重重合集/谍影重重3.The.Bourne.Ultimatum.2007.BluRay.2160p.x265.10bit.4Audio.mUHD-FRDS/The.Bourne.Ultimatum.2007.BluRay.2160p.x265.10bit.4Audio.mUHD-FRDS.mkv,/Volumes/Media_Lib-1/谍影重重系列/谍影重重3.The.Bourne.Ultimatum.2007.BluRay.2160p.x265.10bit.4Audio.mUHD-FRDS/The.Bourne.Ultimatum.2007.BluRay.2160p.x265.10bit.4Audio.mUHD-FRDS.mkv
The.Devils.Double.2011.1080p.BluRay.x264.DTS-FGT.mkv,8181912698,7.62 GB,/Volumes/Media_Lib/Movies/The.Devils.Double.2011.1080p.BluRay.x264.DTS-FGT/The.Devils.Double.2011.1080p.BluRay.x264.DTS-FGT.mkv,/Volumes/Media_Lib-1/The.Devils.Double.2011.1080p.BluRay.x264.DTS-FGT/The.Devils.Double.2011.1080p.BluRay.x264.DTS-FGT.mkv
The.Eight.Hundred.2020.BluRay.1080p.DTS-HD.MA.5.1.x265.10bit-BeiTai.mkv,11682311045,10.88 GB,/Volumes/Media_Lib/Movies/The.Eight.Hundred.2020.BluRay.1080p.DTS-HD.MA.5.1.x265.10bit-BeiTai/The.Eight.Hundred.2020.BluRay.1080p.DTS-HD.MA.5.1.x265.10bit-BeiTai.mkv,/Volumes/Media_Lib-1/The.Eight.Hundred.2020.BluRay.1080p.DTS-HD.MA.5.1.x265.10bit-BeiTai/The.Eight.Hundred.2020.BluRay.1080p.DTS-HD.MA.5.1.x265.10bit-BeiTai.mkv
The.Equalizer.3.2023.2160p.MA.WEB-DL.DDP5.1.DV.HDR.H.265-FLUX.mkv,20304457891,18.91 GB,/Volumes/Media_Lib/Movies/0-Latest Movies/The.Equalizer.3.2023.2160p.MA.WEB-DL.DDP5.1.DV.HDR.H.265-FLUX.mkv,/Volumes/Media_Lib-1/The.Equalizer.3.2023.2160p.MA.WEB-DL.DDP5.1.DV.HDR.H.265-FLUX.mkv
The.Fabelmans.2022.UHD.BluRay.2160p.TrueHD.Atmos.7.1.x265.10bit.HDR-BeiTai.mkv,26918707527,25.07 GB,/Volumes/Media_Lib/Movies/The.Fabelmans.2022.UHD.BluRay.2160p.TrueHD.Atmos.7.1.x265.10bit.HDR-BeiTai/The.Fabelmans.2022.UHD.BluRay.2160p.TrueHD.Atmos.7.1.x265.10bit.HDR-BeiTai.mkv,/Volumes/Media_Lib-1/The.Fabelmans.2022.UHD.BluRay.2160p.TrueHD.Atmos.7.1.x265.10bit.HDR-BeiTai/The.Fabelmans.2022.UHD.BluRay.2160p.TrueHD.Atmos.7.1.x265.10bit.HDR-BeiTai.mkv
The.Father.2020.2160p.AMZN.WEB-DL.DDP5.1.HDR.HEVC-CMRG.mkv,11048803368,10.29 GB,/Volumes/Media_Lib/Movies/困在时间里的父亲/The.Father.2020.2160p.AMZN.WEB-DL.DDP5.1.HDR.HEVC-CMRG.mkv,/Volumes/Media_Lib-1/The.Father.2020.2160p.AMZN.WEB-DL.DDP5.1.HDR.HEVC-CMRG.mkv
The.First.Slam.Dunk.2022.2160p.UHD.BluRay.TrueHD.Atmos.7.1.DoVi.x265-PuTao.mkv,27477053276,25.59 GB,/Volumes/Media_Lib/Movies/0-Latest Movies/The.First.Slam.Dunk.2022.2160p.UHD.BluRay.TrueHD.Atmos.7.1.DoVi.x265-PuTao/The.First.Slam.Dunk.2022.2160p.UHD.BluRay.TrueHD.Atmos.7.1.DoVi.x265-PuTao.mkv,/Volumes/Media_Lib-1/The.First.Slam.Dunk.2022.2160p.UHD.BluRay.TrueHD.Atmos.7.1.DoVi.x265-PuTao/The.First.Slam.Dunk.2022.2160p.UHD.BluRay.TrueHD.Atmos.7.1.DoVi.x265-PuTao.mkv
The.Grand.Budapest.Hotel.2014.REPACK.1080p.BluRay.DTS.x264-FoRM.mkv,11564199444,10.77 GB,/Volumes/Media_Lib/Movies/布达佩斯大饭店/The.Grand.Budapest.Hotel.2014.REPACK.1080p.BluRay.DTS.x264-FoRM.mkv,/Volumes/Media_Lib-1/The.Grand.Budapest.Hotel.2014.REPACK.1080p.BluRay.DTS.x264-FoRM.mkv
The.Great.Gatsby.2013.2160p.UHD.BluRay.x265.10bit.HDR.DTS-HD.MA.5.1.2Audio-PTHome.mkv,20111184363,18.73 GB,/Volumes/Media_Lib/Movies/The.Great.Gatsby.2013.2160p.UHD.BluRay.x265.10bit.HDR.DTS-HD.MA.5.1.2Audio-PTHome/The.Great.Gatsby.2013.2160p.UHD.BluRay.x265.10bit.HDR.DTS-HD.MA.5.1.2Audio-PTHome.mkv,/Volumes/Media_Lib-1/The.Great.Gatsby.2013.2160p.UHD.BluRay.x265.10bit.HDR.DTS-HD.MA.5.1.2Audio-PTHome/The.Great.Gatsby.2013.2160p.UHD.BluRay.x265.10bit.HDR.DTS-HD.MA.5.1.2Audio-PTHome.mkv
The.Greatest.Showman.2017.UHD.BluRay.2160p.10bit.HDR.2Audio.TrueHD(Atmos).7.1.x265-beAst.mkv,21528523571,20.05 GB,/Volumes/Media_Lib/Movies/The.Greatest.Showman.2017.UHD.BluRay.2160p.10bit.HDR.2Audio.TrueHD(Atmos).7.1.x265-beAst/The.Greatest.Showman.2017.UHD.BluRay.2160p.10bit.HDR.2Audio.TrueHD(Atmos).7.1.x265-beAst.mkv,/Volumes/Media_Lib-1/The.Greatest.Showman.2017.UHD.BluRay.2160p.10bit.HDR.2Audio.TrueHD(Atmos).7.1.x265-beAst/The.Greatest.Showman.2017.UHD.BluRay.2160p.10bit.HDR.2Audio.TrueHD(Atmos).7.1.x265-beAst.mkv
The.Hobbit.An.Unexpected.Journey.2012.BluRay.2160p.x265.DoVi.mUHD-FRDS.m2ts,35165044736,32.75 GB,/Volumes/Media_Lib/Movies/0-指环王系列/霍比特人1：意外之旅.The.Hobbit.An.Unexpected.Journey.2012.BluRay.2160p.x265.DoVi.mUHD-FRDS/The.Hobbit.An.Unexpected.Journey.2012.BluRay.2160p.x265.DoVi.mUHD-FRDS.m2ts,/Volumes/Media_Lib-1/霍比特人1：意外之旅.The.Hobbit.An.Unexpected.Journey.2012.BluRay.2160p.x265.DoVi.mUHD-FRDS/The.Hobbit.An.Unexpected.Journey.2012.BluRay.2160p.x265.DoVi.mUHD-FRDS.m2ts
The.Hobbit.The.Battle.of.the.Five.Armies.2014.BluRay.2160p.x265.DoVi.mUHD-FRDS.m2ts,30386893619,28.30 GB,/Volumes/Media_Lib/Movies/0-指环王系列/霍比特人3：五军之战.The.Hobbit.The.Battle.of.the.Five.Armies.2014.BluRay.2160p.x265.DoVi.mUHD-FRDS/The.Hobbit.The.Battle.of.the.Five.Armies.2014.BluRay.2160p.x265.DoVi.mUHD-FRDS.m2ts,/Volumes/Media_Lib-1/霍比特人3：五军之战.The.Hobbit.The.Battle.of.the.Five.Armies.2014.BluRay.2160p.x265.DoVi.mUHD-FRDS/The.Hobbit.The.Battle.of.the.Five.Armies.2014.BluRay.2160p.x265.DoVi.mUHD-FRDS.m2ts
The.Hobbit.The.Desolation.of.Smaug.2013.BluRay.2160p.x265.DoVi.mUHD-FRDS.m2ts,36754182635,34.23 GB,/Volumes/Media_Lib/Movies/0-指环王系列/霍比特人2：史矛革之战.The.Hobbit.The.Desolation.of.Smaug.2013.BluRay.2160p.x265.DoVi.mUHD-FRDS/The.Hobbit.The.Desolation.of.Smaug.2013.BluRay.2160p.x265.DoVi.mUHD-FRDS.m2ts,/Volumes/Media_Lib-1/霍比特人2：史矛革之战.The.Hobbit.The.Desolation.of.Smaug.2013.BluRay.2160p.x265.DoVi.mUHD-FRDS/The.Hobbit.The.Desolation.of.Smaug.2013.BluRay.2160p.x265.DoVi.mUHD-FRDS.m2ts
The.Imitation.Game.2014.BluRay.1080p.DTS-HD.MA.5.1.x265.10bit-BeiTai.mkv,10329396346,9.62 GB,/Volumes/Media_Lib/Movies/The.Imitation.Game.2014.BluRay.1080p.DTS-HD.MA.5.1.x265.10bit-BeiTai/The.Imitation.Game.2014.BluRay.1080p.DTS-HD.MA.5.1.x265.10bit-BeiTai.mkv,/Volumes/Media_Lib-1/The.Imitation.Game.2014.BluRay.1080p.DTS-HD.MA.5.1.x265.10bit-BeiTai/The.Imitation.Game.2014.BluRay.1080p.DTS-HD.MA.5.1.x265.10bit-BeiTai.mkv
The.Next.Three.Days.2010.1080p.JPN.Blu-ray.x265.10bit.DTS-HD.MA.7.1-Iceyumao@Dream.mkv,11564199444,10.77 GB,/Volumes/Media_Lib/Movies/The.Next.Three.Days.2010.1080p.JPN.Blu-ray.x265.10bit.DTS-HD.MA.7.1-Iceyumao@Dream/The.Next.Three.Days.2010.1080p.JPN.Blu-ray.x265.10bit.DTS-HD.MA.7.1-Iceyumao@Dream.mkv,/Volumes/Media_Lib-1/The.Next.Three.Days.2010.1080p.JPN.Blu-ray.x265.10bit.DTS-HD.MA.7.1-Iceyumao@Dream/The.Next.Three.Days.2010.1080p.JPN.Blu-ray.x265.10bit.DTS-HD.MA.7.1-Iceyumao@Dream.mkv
The.Pacific.E01.2010.1080p.Blu-ray.x265.10bit.AC3￡cXcY@FRDS.mkv,3940632494,3.67 GB,/Volumes/Media_Lib/TV-Series/太平洋战争.The.Pacific.E01-E10+SP.201.1080p.Blu-ray.x265.AC3￡cXcY@FRDS/The.Pacific.E01.2010.1080p.Blu-ray.x265.10bit.AC3￡cXcY@FRDS.mkv,/Volumes/Media_Lib-1/太平洋战争.The.Pacific.E01-E10+SP.201.1080p.Blu-ray.x265.AC3￡cXcY@FRDS/The.Pacific.E01.2010.1080p.Blu-ray.x265.10bit.AC3￡cXcY@FRDS.mkv
The.Pacific.E02.2010.1080p.Blu-ray.x265.10bit.AC3￡cXcY@FRDS.mkv,3801046056,3.54 GB,/Volumes/Media_Lib/TV-Series/太平洋战争.The.Pacific.E01-E10+SP.201.1080p.Blu-ray.x265.AC3￡cXcY@FRDS/The.Pacific.E02.2010.1080p.Blu-ray.x265.10bit.AC3￡cXcY@FRDS.mkv,/Volumes/Media_Lib-1/太平洋战争.The.Pacific.E01-E10+SP.201.1080p.Blu-ray.x265.AC3￡cXcY@FRDS/The.Pacific.E02.2010.1080p.Blu-ray.x265.10bit.AC3￡cXcY@FRDS.mkv
The.Pacific.E03.2010.1080p.Blu-ray.x265.10bit.AC3￡cXcY@FRDS.mkv,4198330531,3.91 GB,/Volumes/Media_Lib/TV-Series/太平洋战争.The.Pacific.E01-E10+SP.201.1080p.Blu-ray.x265.AC3￡cXcY@FRDS/The.Pacific.E03.2010.1080p.Blu-ray.x265.10bit.AC3￡cXcY@FRDS.mkv,/Volumes/Media_Lib-1/太平洋战争.The.Pacific.E01-E10+SP.201.1080p.Blu-ray.x265.AC3￡cXcY@FRDS/The.Pacific.E03.2010.1080p.Blu-ray.x265.10bit.AC3￡cXcY@FRDS.mkv
The.Pacific.E04.2010.1080p.Blu-ray.x265.10bit.AC3￡cXcY@FRDS.mkv,3801046056,3.54 GB,/Volumes/Media_Lib/TV-Series/太平洋战争.The.Pacific.E01-E10+SP.201.1080p.Blu-ray.x265.AC3￡cXcY@FRDS/The.Pacific.E04.2010.1080p.Blu-ray.x265.10bit.AC3￡cXcY@FRDS.mkv,/Volumes/Media_Lib-1/太平洋战争.The.Pacific.E01-E10+SP.201.1080p.Blu-ray.x265.AC3￡cXcY@FRDS/The.Pacific.E04.2010.1080p.Blu-ray.x265.10bit.AC3￡cXcY@FRDS.mkv
The.Pacific.E05.2010.1080p.Blu-ray.x265.10bit.AC3￡cXcY@FRDS.mkv,3736621547,3.48 GB,/Volumes/Media_Lib/TV-Series/太平洋战争.The.Pacific.E01-E10+SP.201.1080p.Blu-ray.x265.AC3￡cXcY@FRDS/The.Pacific.E05.2010.1080p.Blu-ray.x265.10bit.AC3￡cXcY@FRDS.mkv,/Volumes/Media_Lib-1/太平洋战争.The.Pacific.E01-E10+SP.201.1080p.Blu-ray.x265.AC3￡cXcY@FRDS/The.Pacific.E05.2010.1080p.Blu-ray.x265.10bit.AC3￡cXcY@FRDS.mkv
The.Pacific.E06.2010.1080p.Blu-ray.x265.10bit.AC3￡cXcY@FRDS.mkv,3758096384,3.50 GB,/Volumes/Media_Lib/TV-Series/太平洋战争.The.Pacific.E01-E10+SP.201.1080p.Blu-ray.x265.AC3￡cXcY@FRDS/The.Pacific.E06.2010.1080p.Blu-ray.x265.10bit.AC3￡cXcY@FRDS.mkv,/Volumes/Media_Lib-1/太平洋战争.The.Pacific.E01-E10+SP.201.1080p.Blu-ray.x265.AC3￡cXcY@FRDS/The.Pacific.E06.2010.1080p.Blu-ray.x265.10bit.AC3￡cXcY@FRDS.mkv
The.Pacific.E07.2010.1080p.Blu-ray.x265.10bit.AC3￡cXcY@FRDS.mkv,3801046056,3.54 GB,/Volumes/Media_Lib/TV-Series/太平洋战争.The.Pacific.E01-E10+SP.201.1080p.Blu-ray.x265.AC3￡cXcY@FRDS/The.Pacific.E07.2010.1080p.Blu-ray.x265.10bit.AC3￡cXcY@FRDS.mkv,/Volumes/Media_Lib-1/太平洋战争.The.Pacific.E01-E10+SP.201.1080p.Blu-ray.x265.AC3￡cXcY@FRDS/The.Pacific.E07.2010.1080p.Blu-ray.x265.10bit.AC3￡cXcY@FRDS.mkv
The.Pacific.E08.2010.1080p.Blu-ray.x265.10bit.AC3￡cXcY@FRDS.mkv,4230542786,3.94 GB,/Volumes/Media_Lib/TV-Series/太平洋战争.The.Pacific.E01-E10+SP.201.1080p.Blu-ray.x265.AC3￡cXcY@FRDS/The.Pacific.E08.2010.1080p.Blu-ray.x265.10bit.AC3￡cXcY@FRDS.mkv,/Volumes/Media_Lib-1/太平洋战争.The.Pacific.E01-E10+SP.201.1080p.Blu-ray.x265.AC3￡cXcY@FRDS/The.Pacific.E08.2010.1080p.Blu-ray.x265.10bit.AC3￡cXcY@FRDS.mkv
The.Pacific.E09.2010.1080p.Blu-ray.x265.10bit.AC3￡cXcY@FRDS.mkv,4294967296,4.00 GB,/Volumes/Media_Lib/TV-Series/太平洋战争.The.Pacific.E01-E10+SP.201.1080p.Blu-ray.x265.AC3￡cXcY@FRDS/The.Pacific.E09.2010.1080p.Blu-ray.x265.10bit.AC3￡cXcY@FRDS.mkv,/Volumes/Media_Lib-1/太平洋战争.The.Pacific.E01-E10+SP.201.1080p.Blu-ray.x265.AC3￡cXcY@FRDS/The.Pacific.E09.2010.1080p.Blu-ray.x265.10bit.AC3￡cXcY@FRDS.mkv
The.Pacific.E10.2010.1080p.Blu-ray.x265.10bit.AC3￡cXcY@FRDS.mkv,4541927915,4.23 GB,/Volumes/Media_Lib/TV-Series/太平洋战争.The.Pacific.E01-E10+SP.201.1080p.Blu-ray.x265.AC3￡cXcY@FRDS/The.Pacific.E10.2010.1080p.Blu-ray.x265.10bit.AC3￡cXcY@FRDS.mkv,/Volumes/Media_Lib-1/太平洋战争.The.Pacific.E01-E10+SP.201.1080p.Blu-ray.x265.AC3￡cXcY@FRDS/The.Pacific.E10.2010.1080p.Blu-ray.x265.10bit.AC3￡cXcY@FRDS.mkv
The.Pacific.SP1.Making.2010.1080p.Blu-ray.x265.10bit.AC3￡cXcY@FRDS.mkv,1127428915,1.05 GB,/Volumes/Media_Lib/TV-Series/太平洋战争.The.Pacific.E01-E10+SP.201.1080p.Blu-ray.x265.AC3￡cXcY@FRDS/The.Pacific.SP1.Making.2010.1080p.Blu-ray.x265.10bit.AC3￡cXcY@FRDS.mkv,/Volumes/Media_Lib-1/太平洋战争.The.Pacific.E01-E10+SP.201.1080p.Blu-ray.x265.AC3￡cXcY@FRDS/The.Pacific.SP1.Making.2010.1080p.Blu-ray.x265.10bit.AC3￡cXcY@FRDS.mkv
The.Pig.the.Snake.and.the.Pigeon.2023.1080p.NF.DDP5.1.H264-TZFILE.mkv,7773890805,7.24 GB,/Volumes/Media_Lib/Movies/0-Latest Movies/The.Pig.the.Snake.and.the.Pigeon.2023.1080p.NF.DDP5.1.H264-TZFILE.mkv,/Volumes/Media_Lib-1/The.Pig.the.Snake.and.the.Pigeon.2023.1080p.NF.DDP5.1.H264-TZFILE.mkv
The.Prestige.2006.UHD.BluRay.2160p.10bit.HDR.2Audio.DTS-HD.MA.5.1.x265-beAst.mkv,28690381537,26.72 GB,/Volumes/Media_Lib/Movies/0-克里斯托弗·诺兰导演合集/The.Prestige.2006.UHD.BluRay.2160p.10bit.HDR.2Audio.DTS-HD.MA.5.1.x265-beAst/The.Prestige.2006.UHD.BluRay.2160p.10bit.HDR.2Audio.DTS-HD.MA.5.1.x265-beAst.mkv,/Volumes/Media_Lib-1/克里斯托弗·罗兰导演合集/The.Prestige.2006.UHD.BluRay.2160p.10bit.HDR.2Audio.DTS-HD.MA.5.1.x265-beAst/The.Prestige.2006.UHD.BluRay.2160p.10bit.HDR.2Audio.DTS-HD.MA.5.1.x265-beAst.mkv
The.Revenant.2015.BluRay.2160p.x265.10bit.HDR.2Audio.mUHD-FRDS.mkv,28464895754,26.51 GB,/Volumes/Media_Lib/Movies/The.Revenant.2015.BluRay.2160p.x265.10bit.HDR.2Audio.mUHD-FRDS/The.Revenant.2015.BluRay.2160p.x265.10bit.HDR.2Audio.mUHD-FRDS.mkv,/Volumes/Media_Lib-1/荒野猎人.The.Revenant.2015.BluRay.2160p.x265.10bit.HDR.2Audio.mUHD-FRDS/The.Revenant.2015.BluRay.2160p.x265.10bit.HDR.2Audio.mUHD-FRDS.mkv
The.Sinking.of.the.Lisbon.Maru.2023.2160p.HQ.WEB-DL.H265.60fps.DTS5.1-CHDWEB.mkv,23815593656,22.18 GB,/Volumes/Media_Lib/Documentary/里斯本丸沉没.The.Sinking.of.the.Lisbon.Maru.2023.2160p.HQ.WEB-DL.H265.60fps.DTS5.1-CHDWEB/The.Sinking.of.the.Lisbon.Maru.2023.2160p.HQ.WEB-DL.H265.60fps.DTS5.1-CHDWEB.mkv,/Volumes/Media_Lib-1/里斯本丸沉没.The.Sinking.of.the.Lisbon.Maru.2023.2160p.HQ.WEB-DL.H265.60fps.DTS5.1-CHDWEB/The.Sinking.of.the.Lisbon.Maru.2023.2160p.HQ.WEB-DL.H265.60fps.DTS5.1-CHDWEB.mkv
The.Two.Popes.2019.1080p.NF.WEB-DL.DDP5.1.x264-NTG.mkv,7033008947,6.55 GB,/Volumes/Media_Lib/Movies/0-Latest Movies/The.Two.Popes.2019.1080p.NF.WEB-DL.DDP5.1.x264-NTG.mkv,/Volumes/Media_Lib-1/The.Two.Popes.2019.1080p.NF.WEB-DL.DDP5.1.x264-NTG.mkv
The.Wandering.Earth.2019.WEB-DL.4K.HEVC.HDR.10bit.DD+5.1-LeagueWEB.mkv,15902116413,14.81 GB,/Volumes/Media_Lib/Movies/0-Latest Movies/The.Wandering.Earth.2019.WEB-DL.4K.HEVC.HDR.10bit.DD+5.1-LeagueWEB.mkv,/Volumes/Media_Lib-1/The.Wandering.Earth.2019.WEB-DL.4K.HEVC.HDR.10bit.DD+5.1-LeagueWEB.mkv
The.Wandering.Earth.Ⅱ.2023.V2.WEB-DL.4K.HEVC.DV.DDP-Enichi.mp4,21796959027,20.30 GB,/Volumes/Media_Lib/Movies/0-Latest Movies/The.Wandering.Earth.Ⅱ.2023.V2.WEB-DL.4K.HEVC.DV.DDP-Enichi.mp4,/Volumes/Media_Lib-1/The.Wandering.Earth.Ⅱ.2023.V2.WEB-DL.4K.HEVC.DV.DDP-Enichi.mp4
The.Wolverine.2013.BluRay.1080p.x265.10bit.2Audio.MNHD-FRDS.mkv,4971424645,4.63 GB,/Volumes/Media_Lib/Movies/0-X战警合集/金刚狼2.The.Wolverine.2013.BluRay.1080p.x265.10bit.2Audio.MNHD-FRDS/The.Wolverine.2013.BluRay.1080p.x265.10bit.2Audio.MNHD-FRDS.mkv,/Volumes/Media_Lib-1/金刚狼2.The.Wolverine.2013.BluRay.1080p.x265.10bit.2Audio.MNHD-FRDS/The.Wolverine.2013.BluRay.1080p.x265.10bit.2Audio.MNHD-FRDS.mkv
Three.Billboards.Outside.Ebbing.Missouri.2017.1080p.BluRay.DTS.x264-Geek.mkv,14763950080,13.75 GB,/Volumes/Media_Lib/Movies/三个广告牌/Three.Billboards.Outside.Ebbing.Missouri.2017.1080p.BluRay.DTS.x264-Geek.mkv,/Volumes/Media_Lib-1/Three.Billboards.Outside.Ebbing.Missouri.2017.1080p.BluRay.DTS.x264-Geek.mkv
To.Kill.a.Mockingbird.1962.2160p.UHD.Blu-ray.REMUX.HDR.HEVC.DTS-HD.MA.5.1-HDH.mkv,68676527063,63.96 GB,/Volumes/Media_Lib/Movies/To.Kill.a.Mockingbird.1962.2160p.UHD.Blu-ray.REMUX.HDR.HEVC.DTS-HD.MA.5.1-HDH/To.Kill.a.Mockingbird.1962.2160p.UHD.Blu-ray.REMUX.HDR.HEVC.DTS-HD.MA.5.1-HDH.mkv,/Volumes/Media_Lib-1/To.Kill.a.Mockingbird.1962.2160p.UHD.Blu-ray.REMUX.HDR.HEVC.DTS-HD.MA.5.1-HDH/To.Kill.a.Mockingbird.1962.2160p.UHD.Blu-ray.REMUX.HDR.HEVC.DTS-HD.MA.5.1-HDH.mkv
Top.Gun.1986.USA.BluRay.1080p.x264.Atmos.TrueHD.7.1-BtsHD.mkv,11134702714,10.37 GB,/Volumes/Media_Lib/Movies/Top Gun 壮志凌云/Top.Gun.1986.USA.BluRay.1080p.x264.Atmos.TrueHD.7.1-BtsHD.mkv,/Volumes/Media_Lib-1/壮志凌云.Top.Gun.合集/Top.Gun.1986.USA.BluRay.1080p.x264.Atmos.TrueHD.7.1-BtsHD.mkv
Top.Gun.Maverick.2022.2160p.WEB-DL.DDP5.1.Atmos.HDR.HEVC-BLUTONiUM.mkv,22226455756,20.70 GB,/Volumes/Media_Lib/Movies/Top Gun 壮志凌云/Top.Gun.Maverick.2022.2160p.WEB-DL.DDP5.1.Atmos.HDR.HEVC-BLUTONiUM.mkv,/Volumes/Media_Lib-1/壮志凌云.Top.Gun.合集/Top.Gun.Maverick.2022.2160p.WEB-DL.DDP5.1.Atmos.HDR.HEVC-BLUTONiUM.mkv
Training.Day.2001.2160p.BluRay.REMUX.HEVC.DV.DTS-HD.MA.TrueHD.7.1.Atmos.mkv,59002113228,54.95 GB,/Volumes/Media_Lib/Movies/Training.Day.2001.2160p.BluRay.REMUX.HEVC.DV.DTS-HD.MA.TrueHD.7.1.Atmos/Training.Day.2001.2160p.BluRay.REMUX.HEVC.DV.DTS-HD.MA.TrueHD.7.1.Atmos.mkv,/Volumes/Media_Lib-1/Training.Day.2001.2160p.BluRay.REMUX.HEVC.DV.DTS-HD.MA.TrueHD.7.1.Atmos.mkv
Twelve.Monkeys.1995.PROPER.2160p.UHD.Blu-ray.REMUX.DV.HEVC.DTS-HD.MA.5.1-HDH.mkv,87885768294,81.85 GB,/Volumes/Media_Lib/Movies/Twelve.Monkeys.1995.PROPER.2160p.UHD.Blu-ray.REMUX.DV.HEVC.DTS-HD.MA.5.1-HDH/Twelve.Monkeys.1995.PROPER.2160p.UHD.Blu-ray.REMUX.DV.HEVC.DTS-HD.MA.5.1-HDH.mkv,/Volumes/Media_Lib-1/Twelve.Monkeys.1995.PROPER.2160p.UHD.Blu-ray.REMUX.DV.HEVC.DTS-HD.MA.5.1-HDH/Twelve.Monkeys.1995.PROPER.2160p.UHD.Blu-ray.REMUX.DV.HEVC.DTS-HD.MA.5.1-HDH.mkv
X-Men.2000.BluRay.2160p.x265.10bit.HDR.2Audios.mUHD-FRDS.mkv,27412628766,25.53 GB,/Volumes/Media_Lib/Movies/0-X战警合集/X战警1.X-Men.2000.BluRay.2160p.x265.10bit.HDR.2Audios.mUHD-FRDS/X-Men.2000.BluRay.2160p.x265.10bit.HDR.2Audios.mUHD-FRDS.mkv,/Volumes/Media_Lib-1/X战警.X-Men.2000.BluRay.2160p.x265.10bit.HDR.2Audios.mUHD-FRDS/X-Men.2000.BluRay.2160p.x265.10bit.HDR.2Audios.mUHD-FRDS.mkv
X-Men.Apocalypse.2016.BluRay.2160p.x265.10bit.HDR.4Audio.mUHD-FRDS.mkv,31288836751,29.14 GB,/Volumes/Media_Lib/Movies/0-X战警合集/X战警：天启.X-Men.Apocalypse.2016.BluRay.2160p.x265.10bit.HDR.4Audio.mUHD-FRDS/X-Men.Apocalypse.2016.BluRay.2160p.x265.10bit.HDR.4Audio.mUHD-FRDS.mkv,/Volumes/Media_Lib-1/X战警：天启.X-Men.Apocalypse.2016.BluRay.2160p.x265.10bit.HDR.4Audio.mUHD-FRDS/X-Men.Apocalypse.2016.BluRay.2160p.x265.10bit.HDR.4Audio.mUHD-FRDS.mkv
X-Men.Days.of.Future.Past.2014.BluRay.2160p.x265.10bit.2Audio.mUHD-FRDS.mkv,25351044464,23.61 GB,/Volumes/Media_Lib/Movies/0-X战警合集/X战警：逆转未来.X-Men.Days.of.Future.Past.2014.BluRay.2160p.x265.10bit.2Audio.mUHD-FRDS/X-Men.Days.of.Future.Past.2014.BluRay.2160p.x265.10bit.2Audio.mUHD-FRDS.mkv,/Volumes/Media_Lib-1/X战警：逆转未来.X-Men.Days.of.Future.Past.2014.BluRay.2160p.x265.10bit.2Audio.mUHD-FRDS/X-Men.Days.of.Future.Past.2014.BluRay.2160p.x265.10bit.2Audio.mUHD-FRDS.mkv
X-Men.Origins.Wolverine.2009.BluRay.1080p.x265.10bit.2Audio.MNHD-FRDS.mkv,6990059274,6.51 GB,/Volumes/Media_Lib/Movies/0-X战警合集/金刚狼1.X-Men.Origins.Wolverine.2009.BluRay.1080p.x265.10bit.2Audio.MNHD-FRDS/X-Men.Origins.Wolverine.2009.BluRay.1080p.x265.10bit.2Audio.MNHD-FRDS.mkv,/Volumes/Media_Lib-1/X战警前传金刚狼.X-Men.Origins.Wolverine.2009.BluRay.1080p.x265.10bit.2Audio.MNHD-FRDS/X-Men.Origins.Wolverine.2009.BluRay.1080p.x265.10bit.2Audio.MNHD-FRDS.mkv
X-Men.The.Last.Stand.2006.BluRay.2160p.x265.10bit.HDR.2Audio.mUHD-FRDS.mkv,23912230420,22.27 GB,/Volumes/Media_Lib/Movies/0-X战警合集/X战警3：背水一战.X-Men.The.Last.Stand.2006.BluRay.2160p.x265.10bit.HDR.2Audio.mUHD-FRDS/X-Men.The.Last.Stand.2006.BluRay.2160p.x265.10bit.HDR.2Audio.mUHD-FRDS.mkv,/Volumes/Media_Lib-1/X战警3：背水一战.X-Men.The.Last.Stand.2006.BluRay.2160p.x265.10bit.HDR.2Audio.mUHD-FRDS/X-Men.The.Last.Stand.2006.BluRay.2160p.x265.10bit.HDR.2Audio.mUHD-FRDS.mkv
X2.2003.BluRay.2160p.x265.10bit.HDR.2Audio.mUHD-FRDS.mkv,26242250178,24.44 GB,/Volumes/Media_Lib/Movies/0-X战警合集/X战警2.X2.2003.BluRay.2160p.x265.10bit.HDR.2Audios.mUHD-FRDS/X2.2003.BluRay.2160p.x265.10bit.HDR.2Audio.mUHD-FRDS.mkv,/Volumes/Media_Lib-1/X战警2.X2.2003.BluRay.2160p.x265.10bit.HDR.2Audios.mUHD-FRDS/X2.2003.BluRay.2160p.x265.10bit.HDR.2Audio.mUHD-FRDS.mkv
[1987逆权公民]1987.When.the.Day.Comes.2017.HKG.Blu-ray.1080p.x264.TrueHD-BtsHD.mkv,10919954350,10.17 GB,/Volumes/Media_Lib/Movies/[1987逆权公民]1987.When.the.Day.Comes.2017.HKG.Blu-ray.1080p.x264.TrueHD-BtsHD.mkv,/Volumes/Media_Lib-1/[1987逆权公民]1987.When.the.Day.Comes.2017.HKG.Blu-ray.1080p.x264.TrueHD-BtsHD.mkv
[无名].Hidden.Blade.2023.2160p.V2.60fps.WEB-DL.HEVC.10bit.DDP5.1.2Audios-QHstudIo.mp4,24588687769,22.90 GB,/Volumes/Media_Lib/Movies/[无名].Hidden.Blade.2023.2160p.V2.60fps.WEB-DL.HEVC.10bit.DDP5.1.2Audios-QHstudIo/[无名].Hidden.Blade.2023.2160p.V2.60fps.WEB-DL.HEVC.10bit.DDP5.1.2Audios-QHstudIo.mp4,/Volumes/Media_Lib-1/[无名].Hidden.Blade.2023.2160p.V2.60fps.WEB-DL.HEVC.10bit.DDP5.1.2Audios-QHstudIo/[无名].Hidden.Blade.2023.2160p.V2.60fps.WEB-DL.HEVC.10bit.DDP5.1.2Audios-QHstudIo.mp4
[金爆行动]Operation.Fortune.Ruse.de.guerre.2023.Blu-ray.1080p.x264.DTS-HD.MA.5.1-BtsHD.mkv,11370925916,10.59 GB,/Volumes/Media_Lib/Movies/[金爆行动]Operation.Fortune.Ruse.de.guerre.2023.Blu-ray.1080p.x264.DTS-HD.MA.5.1-BtsHD.mkv,/Volumes/Media_Lib-1/[金爆行动]Operation.Fortune.Ruse.de.guerre.2023.Blu-ray.1080p.x264.DTS-HD.MA.5.1-BtsHD.mkv
messis.world.cup.the.rise.of.a.legend.s01e01.dv.2160p.web.h265-successfulcrab.mkv,8482560409,7.90 GB,/Volumes/Media_Lib/Documentary/Messis.World.Cup.The.Rise.of.a.Legend.S01.DV.2160p.WEB.H265-SuccessfulCrab/messis.world.cup.the.rise.of.a.legend.s01e01.dv.2160p.web.h265-successfulcrab.mkv,/Volumes/Media_Lib-1/Messis.World.Cup.The.Rise.of.a.Legend.S01.DV.2160p.WEB.H265-SuccessfulCrab/messis.world.cup.the.rise.of.a.legend.s01e01.dv.2160p.web.h265-successfulcrab.mkv
messis.world.cup.the.rise.of.a.legend.s01e02.dv.2160p.web.h265-successfulcrab.mkv,8300024299,7.73 GB,/Volumes/Media_Lib/Documentary/Messis.World.Cup.The.Rise.of.a.Legend.S01.DV.2160p.WEB.H265-SuccessfulCrab/messis.world.cup.the.rise.of.a.legend.s01e02.dv.2160p.web.h265-successfulcrab.mkv,/Volumes/Media_Lib-1/Messis.World.Cup.The.Rise.of.a.Legend.S01.DV.2160p.WEB.H265-SuccessfulCrab/messis.world.cup.the.rise.of.a.legend.s01e02.dv.2160p.web.h265-successfulcrab.mkv
messis.world.cup.the.rise.of.a.legend.s01e03.dv.2160p.web.h265-successfulcrab.mkv,9234179686,8.60 GB,/Volumes/Media_Lib/Documentary/Messis.World.Cup.The.Rise.of.a.Legend.S01.DV.2160p.WEB.H265-SuccessfulCrab/messis.world.cup.the.rise.of.a.legend.s01e03.dv.2160p.web.h265-successfulcrab.mkv,/Volumes/Media_Lib-1/Messis.World.Cup.The.Rise.of.a.Legend.S01.DV.2160p.WEB.H265-SuccessfulCrab/messis.world.cup.the.rise.of.a.legend.s01e03.dv.2160p.web.h265-successfulcrab.mkv
messis.world.cup.the.rise.of.a.legend.s01e04.dv.2160p.web.h265-successfulcrab.mkv,8181912698,7.62 GB,/Volumes/Media_Lib/Documentary/Messis.World.Cup.The.Rise.of.a.Legend.S01.DV.2160p.WEB.H265-SuccessfulCrab/messis.world.cup.the.rise.of.a.legend.s01e04.dv.2160p.web.h265-successfulcrab.mkv,/Volumes/Media_Lib-1/Messis.World.Cup.The.Rise.of.a.Legend.S01.DV.2160p.WEB.H265-SuccessfulCrab/messis.world.cup.the.rise.of.a.legend.s01e04.dv.2160p.web.h265-successfulcrab.mkv
the.lord.of.the.rings.the.rings.of.power.s02e06.hdr.2160p.web.h265.mkv,9008693903,8.39 GB,/Volumes/Media_Lib/TV-Series/指环王：力量之戒/S02/the.lord.of.the.rings.the.rings.of.power.s02e06.hdr.2160p.web.h265.mkv,/Volumes/Media_Lib-1/the.lord.of.the.rings.the.rings.of.power.s02e06.hdr.2160p.web.h265.mkv
the.lord.of.the.rings.the.rings.of.power.s02e07.hdr.2160p.web.h265.mkv,10426033111,9.71 GB,/Volumes/Media_Lib/TV-Series/指环王：力量之戒/S02/the.lord.of.the.rings.the.rings.of.power.s02e07.hdr.2160p.web.h265.mkv,/Volumes/Media_Lib-1/the.lord.of.the.rings.the.rings.of.power.s02e07.hdr.2160p.web.h265.mkv
the.lord.of.the.rings.the.rings.of.power.s02e08.hdr.2160p.web.h265.mkv,10544144711,9.82 GB,/Volumes/Media_Lib/TV-Series/指环王：力量之戒/S02/the.lord.of.the.rings.the.rings.of.power.s02e08.hdr.2160p.web.h265.mkv,/Volumes/Media_Lib-1/the.lord.of.the.rings.the.rings.of.power.s02e08.hdr.2160p.web.h265.mkv
人民的名义 01.mp4,2512555868,2.34 GB,/Volumes/Media_Lib/TV-Series/2017.人民的名义.55集全.1080p/人民的名义 01.mp4,/Volumes/Media_Lib-1/2017.人民的名义.55集全.1080p/人民的名义 01.mp4
人民的名义 02.mp4,2351494594,2.19 GB,/Volumes/Media_Lib/TV-Series/2017.人民的名义.55集全.1080p/人民的名义 02.mp4,/Volumes/Media_Lib-1/2017.人民的名义.55集全.1080p/人民的名义 02.mp4
人民的名义 03.mp4,2297807503,2.14 GB,/Volumes/Media_Lib/TV-Series/2017.人民的名义.55集全.1080p/人民的名义 03.mp4,/Volumes/Media_Lib-1/2017.人民的名义.55集全.1080p/人民的名义 03.mp4
人民的名义 04.mp4,2673617141,2.49 GB,/Volumes/Media_Lib/TV-Series/2017.人民的名义.55集全.1080p/人民的名义 04.mp4,/Volumes/Media_Lib-1/2017.人民的名义.55集全.1080p/人民的名义 04.mp4
人民的名义 05.mp4,2931315179,2.73 GB,/Volumes/Media_Lib/TV-Series/2017.人民的名义.55集全.1080p/人民的名义 05.mp4,/Volumes/Media_Lib-1/2017.人民的名义.55集全.1080p/人民的名义 05.mp4
人民的名义 06.mp4,2609192632,2.43 GB,/Volumes/Media_Lib/TV-Series/2017.人民的名义.55集全.1080p/人民的名义 06.mp4,/Volumes/Media_Lib-1/2017.人民的名义.55集全.1080p/人民的名义 06.mp4
人民的名义 07.mp4,2211908157,2.06 GB,/Volumes/Media_Lib/TV-Series/2017.人民的名义.55集全.1080p/人民的名义 07.mp4,/Volumes/Media_Lib-1/2017.人民的名义.55集全.1080p/人民的名义 07.mp4
人民的名义 08.mp4,2587717795,2.41 GB,/Volumes/Media_Lib/TV-Series/2017.人民的名义.55集全.1080p/人民的名义 08.mp4,/Volumes/Media_Lib-1/2017.人民的名义.55集全.1080p/人民的名义 08.mp4
人民的名义 09.mp4,2029372047,1.89 GB,/Volumes/Media_Lib/TV-Series/2017.人民的名义.55集全.1080p/人民的名义 09.mp4,/Volumes/Media_Lib-1/2017.人民的名义.55集全.1080p/人民的名义 09.mp4
人民的名义 10.mp4,2856153251,2.66 GB,/Volumes/Media_Lib/TV-Series/2017.人民的名义.55集全.1080p/人民的名义 10.mp4,/Volumes/Media_Lib-1/2017.人民的名义.55集全.1080p/人民的名义 10.mp4
人民的名义 11.mp4,2190433320,2.04 GB,/Volumes/Media_Lib/TV-Series/2017.人民的名义.55集全.1080p/人民的名义 11.mp4,/Volumes/Media_Lib-1/2017.人民的名义.55集全.1080p/人民的名义 11.mp4
人民的名义 12.mp4,2029372047,1.89 GB,/Volumes/Media_Lib/TV-Series/2017.人民的名义.55集全.1080p/人民的名义 12.mp4,/Volumes/Media_Lib-1/2017.人民的名义.55集全.1080p/人民的名义 12.mp4
人民的名义 13.mp4,2297807503,2.14 GB,/Volumes/Media_Lib/TV-Series/2017.人民的名义.55集全.1080p/人民的名义 13.mp4,/Volumes/Media_Lib-1/2017.人民的名义.55集全.1080p/人民的名义 13.mp4
人民的名义 14.mp4,2287070085,2.13 GB,/Volumes/Media_Lib/TV-Series/2017.人民的名义.55集全.1080p/人民的名义 14.mp4,/Volumes/Media_Lib-1/2017.人民的名义.55集全.1080p/人民的名义 14.mp4
人民的名义 15.mp4,1954210119,1.82 GB,/Volumes/Media_Lib/TV-Series/2017.人民的名义.55集全.1080p/人民的名义 15.mp4,/Volumes/Media_Lib-1/2017.人民的名义.55集全.1080p/人民的名义 15.mp4
人民的名义 16.mp4,2029372047,1.89 GB,/Volumes/Media_Lib/TV-Series/2017.人民的名义.55集全.1080p/人民的名义 16.mp4,/Volumes/Media_Lib-1/2017.人民的名义.55集全.1080p/人民的名义 16.mp4
人民的名义 17.mp4,2480343613,2.31 GB,/Volumes/Media_Lib/TV-Series/2017.人民的名义.55集全.1080p/人民的名义 17.mp4,/Volumes/Media_Lib-1/2017.人民的名义.55集全.1080p/人民的名义 17.mp4
人民的名义 18.mp4,2909840343,2.71 GB,/Volumes/Media_Lib/TV-Series/2017.人民的名义.55集全.1080p/人民的名义 18.mp4,/Volumes/Media_Lib-1/2017.人民的名义.55集全.1080p/人民的名义 18.mp4
人民的名义 19.mp4,2083059138,1.94 GB,/Volumes/Media_Lib/TV-Series/2017.人民的名义.55集全.1080p/人民的名义 19.mp4,/Volumes/Media_Lib-1/2017.人民的名义.55集全.1080p/人民的名义 19.mp4
人民的名义 20.mp4,2340757176,2.18 GB,/Volumes/Media_Lib/TV-Series/2017.人民的名义.55集全.1080p/人民的名义 20.mp4,/Volumes/Media_Lib-1/2017.人民的名义.55集全.1080p/人民的名义 20.mp4
人民的名义 21.mp4,2265595248,2.11 GB,/Volumes/Media_Lib/TV-Series/2017.人民的名义.55集全.1080p/人民的名义 21.mp4,/Volumes/Media_Lib-1/2017.人民的名义.55集全.1080p/人民的名义 21.mp4
人民的名义 22.mp4,2168958484,2.02 GB,/Volumes/Media_Lib/TV-Series/2017.人民的名义.55集全.1080p/人民的名义 22.mp4,/Volumes/Media_Lib-1/2017.人民的名义.55集全.1080p/人民的名义 22.mp4
人民的名义 23.mp4,2609192632,2.43 GB,/Volumes/Media_Lib/TV-Series/2017.人民的名义.55集全.1080p/人民的名义 23.mp4,/Volumes/Media_Lib-1/2017.人民的名义.55集全.1080p/人民的名义 23.mp4
人民的名义 24.mp4,2276332666,2.12 GB,/Volumes/Media_Lib/TV-Series/2017.人民的名义.55集全.1080p/人民的名义 24.mp4,/Volumes/Media_Lib-1/2017.人民的名义.55集全.1080p/人民的名义 24.mp4
人民的名义 25.mp4,2308544921,2.15 GB,/Volumes/Media_Lib/TV-Series/2017.人民的名义.55集全.1080p/人民的名义 25.mp4,/Volumes/Media_Lib-1/2017.人民的名义.55集全.1080p/人民的名义 25.mp4
人民的名义 26.mp4,2297807503,2.14 GB,/Volumes/Media_Lib/TV-Series/2017.人民的名义.55集全.1080p/人民的名义 26.mp4,/Volumes/Media_Lib-1/2017.人民的名义.55集全.1080p/人民的名义 26.mp4
人民的名义 27.mp4,2233382993,2.08 GB,/Volumes/Media_Lib/TV-Series/2017.人民的名义.55集全.1080p/人民的名义 27.mp4,/Volumes/Media_Lib-1/2017.人民的名义.55集全.1080p/人民的名义 27.mp4
人民的名义 28.mp4,2899102924,2.70 GB,/Volumes/Media_Lib/TV-Series/2017.人民的名义.55集全.1080p/人民的名义 28.mp4,/Volumes/Media_Lib-1/2017.人民的名义.55集全.1080p/人民的名义 28.mp4
人民的名义 29.mp4,2458868776,2.29 GB,/Volumes/Media_Lib/TV-Series/2017.人民的名义.55集全.1080p/人民的名义 29.mp4,/Volumes/Media_Lib-1/2017.人民的名义.55集全.1080p/人民的名义 29.mp4
人民的名义 30.mp4,2437393940,2.27 GB,/Volumes/Media_Lib/TV-Series/2017.人民的名义.55集全.1080p/人民的名义 30.mp4,/Volumes/Media_Lib-1/2017.人民的名义.55集全.1080p/人民的名义 30.mp4
人民的名义 31.mp4,2072321720,1.93 GB,/Volumes/Media_Lib/TV-Series/2017.人民的名义.55集全.1080p/人民的名义 31.mp4,/Volumes/Media_Lib-1/2017.人民的名义.55集全.1080p/人民的名义 31.mp4
人民的名义 32.mp4,2072321720,1.93 GB,/Volumes/Media_Lib/TV-Series/2017.人民的名义.55集全.1080p/人民的名义 32.mp4,/Volumes/Media_Lib-1/2017.人民的名义.55集全.1080p/人民的名义 32.mp4
人民的名义 33.mp4,1932735283,1.80 GB,/Volumes/Media_Lib/TV-Series/2017.人民的名义.55集全.1080p/人民的名义 33.mp4,/Volumes/Media_Lib-1/2017.人民的名义.55集全.1080p/人民的名义 33.mp4
人民的名义 34.mp4,2276332666,2.12 GB,/Volumes/Media_Lib/TV-Series/2017.人民的名义.55集全.1080p/人民的名义 34.mp4,/Volumes/Media_Lib-1/2017.人民的名义.55集全.1080p/人民的名义 34.mp4
人民的名义 35.mp4,2287070085,2.13 GB,/Volumes/Media_Lib/TV-Series/2017.人民的名义.55集全.1080p/人民的名义 35.mp4,/Volumes/Media_Lib-1/2017.人民的名义.55集全.1080p/人民的名义 35.mp4
人民的名义 36.mp4,2383706849,2.22 GB,/Volumes/Media_Lib/TV-Series/2017.人民的名义.55集全.1080p/人民的名义 36.mp4,/Volumes/Media_Lib-1/2017.人民的名义.55集全.1080p/人民的名义 36.mp4
人民的名义 37.mp4,2136746229,1.99 GB,/Volumes/Media_Lib/TV-Series/2017.人民的名义.55集全.1080p/人民的名义 37.mp4,/Volumes/Media_Lib-1/2017.人民的名义.55集全.1080p/人民的名义 37.mp4
人民的名义 38.mp4,2222645575,2.07 GB,/Volumes/Media_Lib/TV-Series/2017.人民的名义.55集全.1080p/人民的名义 38.mp4,/Volumes/Media_Lib-1/2017.人民的名义.55集全.1080p/人民的名义 38.mp4
人民的名义 39.mp4,2276332666,2.12 GB,/Volumes/Media_Lib/TV-Series/2017.人民的名义.55集全.1080p/人民的名义 39.mp4,/Volumes/Media_Lib-1/2017.人民的名义.55集全.1080p/人民的名义 39.mp4
人民的名义 40.mp4,2405181685,2.24 GB,/Volumes/Media_Lib/TV-Series/2017.人民的名义.55集全.1080p/人民的名义 40.mp4,/Volumes/Media_Lib-1/2017.人民的名义.55集全.1080p/人民的名义 40.mp4
人民的名义 41.mp4,2104533975,1.96 GB,/Volumes/Media_Lib/TV-Series/2017.人民的名义.55集全.1080p/人民的名义 41.mp4,/Volumes/Media_Lib-1/2017.人民的名义.55集全.1080p/人民的名义 41.mp4
人民的名义 42.mp4,1879048192,1.75 GB,/Volumes/Media_Lib/TV-Series/2017.人民的名义.55集全.1080p/人民的名义 42.mp4,/Volumes/Media_Lib-1/2017.人民的名义.55集全.1080p/人民的名义 42.mp4
人民的名义 43.mp4,2007897210,1.87 GB,/Volumes/Media_Lib/TV-Series/2017.人民的名义.55集全.1080p/人民的名义 43.mp4,/Volumes/Media_Lib-1/2017.人民的名义.55集全.1080p/人民的名义 43.mp4
人民的名义 44.mp4,2609192632,2.43 GB,/Volumes/Media_Lib/TV-Series/2017.人民的名义.55集全.1080p/人民的名义 44.mp4,/Volumes/Media_Lib-1/2017.人民的名义.55集全.1080p/人民的名义 44.mp4
人民的名义 45.mp4,2126008811,1.98 GB,/Volumes/Media_Lib/TV-Series/2017.人民的名义.55集全.1080p/人民的名义 45.mp4,/Volumes/Media_Lib-1/2017.人民的名义.55集全.1080p/人民的名义 45.mp4
人民的名义 46.mp4,2265595248,2.11 GB,/Volumes/Media_Lib/TV-Series/2017.人民的名义.55集全.1080p/人民的名义 46.mp4,/Volumes/Media_Lib-1/2017.人民的名义.55集全.1080p/人民的名义 46.mp4
人民的名义 47.mp4,2147483648,2.00 GB,/Volumes/Media_Lib/TV-Series/2017.人民的名义.55集全.1080p/人民的名义 47.mp4,/Volumes/Media_Lib-1/2017.人民的名义.55集全.1080p/人民的名义 47.mp4
人民的名义 48.mp4,2491081031,2.32 GB,/Volumes/Media_Lib/TV-Series/2017.人民的名义.55集全.1080p/人民的名义 48.mp4,/Volumes/Media_Lib-1/2017.人民的名义.55集全.1080p/人民的名义 48.mp4
人民的名义 49.mp4,3038689361,2.83 GB,/Volumes/Media_Lib/TV-Series/2017.人民的名义.55集全.1080p/人民的名义 49.mp4,/Volumes/Media_Lib-1/2017.人民的名义.55集全.1080p/人民的名义 49.mp4
人民的名义 50.mp4,2362232012,2.20 GB,/Volumes/Media_Lib/TV-Series/2017.人民的名义.55集全.1080p/人民的名义 50.mp4,/Volumes/Media_Lib-1/2017.人民的名义.55集全.1080p/人民的名义 50.mp4
人民的名义 51.mp4,2190433320,2.04 GB,/Volumes/Media_Lib/TV-Series/2017.人民的名义.55集全.1080p/人民的名义 51.mp4,/Volumes/Media_Lib-1/2017.人民的名义.55集全.1080p/人民的名义 51.mp4
人民的名义 52.mp4,2254857830,2.10 GB,/Volumes/Media_Lib/TV-Series/2017.人民的名义.55集全.1080p/人民的名义 52.mp4,/Volumes/Media_Lib-1/2017.人民的名义.55集全.1080p/人民的名义 52.mp4
人民的名义 53.mp4,2770253905,2.58 GB,/Volumes/Media_Lib/TV-Series/2017.人民的名义.55集全.1080p/人民的名义 53.mp4,/Volumes/Media_Lib-1/2017.人民的名义.55集全.1080p/人民的名义 53.mp4
人民的名义 54.mp4,2083059138,1.94 GB,/Volumes/Media_Lib/TV-Series/2017.人民的名义.55集全.1080p/人民的名义 54.mp4,/Volumes/Media_Lib-1/2017.人民的名义.55集全.1080p/人民的名义 54.mp4
人民的名义 55.mp4,1567663063,1.46 GB,/Volumes/Media_Lib/TV-Series/2017.人民的名义.55集全.1080p/人民的名义 55.mp4,/Volumes/Media_Lib-1/2017.人民的名义.55集全.1080p/人民的名义 55.mp4
八角笼中.Never.Say.Never.2023.60FPS.2160p.WEB-DL.H265.10bit.DDP5.1-OurTV.mp4,22505628631,20.96 GB,/Volumes/Media_Lib/Movies/0-Latest Movies/八角笼中.Never.Say.Never.2023.60FPS.2160p.WEB-DL.H265.10bit.DDP5.1-OurTV/八角笼中.Never.Say.Never.2023.60FPS.2160p.WEB-DL.H265.10bit.DDP5.1-OurTV.mp4,/Volumes/Media_Lib-1/八角笼中.Never.Say.Never.2023.60FPS.2160p.WEB-DL.H265.10bit.DDP5.1-OurTV/八角笼中.Never.Say.Never.2023.60FPS.2160p.WEB-DL.H265.10bit.DDP5.1-OurTV.mp4
忠犬八公.Hachiko.2023.2160p.WEB-DL.H265.10bit.DDP2.0-OurTV.mp4,19112604467,17.80 GB,/Volumes/Media_Lib/Movies/0-Latest Movies/忠犬八公.Hachiko.2023.2160p.WEB-DL.H265.10bit.DDP2.0-OurTV/忠犬八公.Hachiko.2023.2160p.WEB-DL.H265.10bit.DDP2.0-OurTV.mp4,/Volumes/Media_Lib-1/忠犬八公.Hachiko.2023.2160p.WEB-DL.H265.10bit.DDP2.0-OurTV/忠犬八公.Hachiko.2023.2160p.WEB-DL.H265.10bit.DDP2.0-OurTV.mp4
悬崖之上.Cliff.Walkers.2021.1080p.WEB-DL.H264.AAC-SharkWEB.mp4,1642824990,1.53 GB,/Volumes/Media_Lib/Movies/0-Latest Movies/悬崖之上.Cliff.Walkers.2021.1080p.WEB-DL.H264.AAC-SharkWEB/悬崖之上.Cliff.Walkers.2021.1080p.WEB-DL.H264.AAC-SharkWEB.mp4,/Volumes/Media_Lib-1/悬崖之上.Cliff.Walkers.2021.1080p.WEB-DL.H264.AAC-SharkWEB/悬崖之上.Cliff.Walkers.2021.1080p.WEB-DL.H264.AAC-SharkWEB.mp4
沙丘2024.Dune.Part.Two.2024.REPACK.2160p.UPSCALE.WEB.HEVC.10Bit.AAC.2.0-R&H[DiY@DB].mkv,23310934999,21.71 GB,/Volumes/Media_Lib/Movies/0-Latest Movies/Dune.Part.Two.2024.REPACK.2160p.UPSCALE.WEB.HEVC.10Bit.AAC.2.0-R&H/沙丘2024.Dune.Part.Two.2024.REPACK.2160p.UPSCALE.WEB.HEVC.10Bit.AAC.2.0-R&H[DiY@DB].mkv,/Volumes/Media_Lib-1/Dune.Part.Two.2024.REPACK.2160p.UPSCALE.WEB.HEVC.10Bit.AAC.2.0-R&H/沙丘2024.Dune.Part.Two.2024.REPACK.2160p.UPSCALE.WEB.HEVC.10Bit.AAC.2.0-R&H[DiY@DB].mkv
网络迷踪2.2023.1080p.H264.mp4,4048006676,3.77 GB,/Volumes/Media_Lib/Movies/0-Latest Movies/网络迷踪2.2023.1080p.H264.mp4,/Volumes/Media_Lib-1/网络迷踪2.2023.1080p.H264.mp4
长安三万里.Chang.An.2023.2160p.HQ.WEB-DL.DDP.AAC.H.265-HDSWEB.mkv,25598005084,23.84 GB,/Volumes/Media_Lib/Movies/0-Latest Movies/长安三万里.Chang.An.2023.2160p.HQ.WEB-DL.DDP.AAC.H.265-HDSWEB.mkv,/Volumes/Media_Lib-1/长安三万里.Chang.An.2023.2160p.HQ.WEB-DL.DDP.AAC.H.265-HDSWEB.mkv
